SUBSTANCE_CAS_NO,STANDARD_RID,SUBSTANCE_NAME,CAS_QUALIFIER_NAME,UNIT_NAME,SUBSTANCE_SYNONYM,CRITERIA,VALUE,TYPE1,TYPE2
959-98-8,1,.ALPHA.-ENDOSULFAN,NA,UG/L,NA,DWS,42,NA,MAX
959-98-8,1,.ALPHA.-ENDOSULFAN,NA,UG/L,NA,FC,18,NA,MAX
959-98-8,1,.ALPHA.-ENDOSULFAN,NA,UG/L,NA,FBC,5600,NA,MAX
959-98-8,1,.ALPHA.-ENDOSULFAN,NA,UG/L,NA,PBC,5600,NA,MAX
959-98-8,1,.ALPHA.-ENDOSULFAN,NA,UG/L,NA,AWC,0.2,ACUTE,MAX
959-98-8,1,.ALPHA.-ENDOSULFAN,NA,UG/L,NA,AWC,0.06,CHRONIC,MAX
959-98-8,1,.ALPHA.-ENDOSULFAN,NA,UG/L,NA,AWW,0.2,ACUTE,MAX
959-98-8,1,.ALPHA.-ENDOSULFAN,NA,UG/L,NA,AWW,0.06,CHRONIC,MAX
959-98-8,1,.ALPHA.-ENDOSULFAN,NA,UG/L,NA,AWEDW,0.2,ACUTE,MAX
959-98-8,1,.ALPHA.-ENDOSULFAN,NA,UG/L,NA,AWEDW,0.06,CHRONIC,MAX
959-98-8,1,.ALPHA.-ENDOSULFAN,NA,UG/L,NA,AWE,3,ACUTE,MAX
319-84-6,2,.ALPHA.-HEXACHLOROCYCLOHEXANE,NA,UG/L,NA,DWS,0.006,NA,MAX
319-84-6,2,.ALPHA.-HEXACHLOROCYCLOHEXANE,NA,UG/L,NA,FC,0.005,NA,MAX
319-84-6,2,.ALPHA.-HEXACHLOROCYCLOHEXANE,NA,UG/L,NA,FBC,0.22,NA,MAX
319-84-6,2,.ALPHA.-HEXACHLOROCYCLOHEXANE,NA,UG/L,NA,PBC,7467,NA,MAX
319-84-6,2,.ALPHA.-HEXACHLOROCYCLOHEXANE,NA,UG/L,NA,AWC,1600,ACUTE,MAX
319-84-6,2,.ALPHA.-HEXACHLOROCYCLOHEXANE,NA,UG/L,NA,AWC,130,CHRONIC,MAX
319-84-6,2,.ALPHA.-HEXACHLOROCYCLOHEXANE,NA,UG/L,NA,AWW,1600,ACUTE,MAX
319-84-6,2,.ALPHA.-HEXACHLOROCYCLOHEXANE,NA,UG/L,NA,AWW,130,CHRONIC,MAX
319-84-6,2,.ALPHA.-HEXACHLOROCYCLOHEXANE,NA,UG/L,NA,AWEDW,1600,ACUTE,MAX
319-84-6,2,.ALPHA.-HEXACHLOROCYCLOHEXANE,NA,UG/L,NA,AWEDW,130,CHRONIC,MAX
319-84-6,2,.ALPHA.-HEXACHLOROCYCLOHEXANE,NA,UG/L,NA,AWE,1600,ACUTE,MAX
NA,3,.BETA.-HEXACHLOROCYCLOHEXANE,NA,UG/L,NA,DWS,0.02,NA,MAX
NA,3,.BETA.-HEXACHLOROCYCLOHEXANE,NA,UG/L,NA,FC,0.02,NA,MAX
NA,3,.BETA.-HEXACHLOROCYCLOHEXANE,NA,UG/L,NA,FBC,0.78,NA,MAX
NA,3,.BETA.-HEXACHLOROCYCLOHEXANE,NA,UG/L,NA,PBC,560,NA,MAX
NA,3,.BETA.-HEXACHLOROCYCLOHEXANE,NA,UG/L,NA,AWC,1600,ACUTE,MAX
NA,3,.BETA.-HEXACHLOROCYCLOHEXANE,NA,UG/L,NA,AWC,130,CHRONIC,MAX
NA,3,.BETA.-HEXACHLOROCYCLOHEXANE,NA,UG/L,NA,AWW,1600,ACUTE,MAX
NA,3,.BETA.-HEXACHLOROCYCLOHEXANE,NA,UG/L,NA,AWW,130,CHRONIC,MAX
NA,3,.BETA.-HEXACHLOROCYCLOHEXANE,NA,UG/L,NA,AWEDW,1600,ACUTE,MAX
NA,3,.BETA.-HEXACHLOROCYCLOHEXANE,NA,UG/L,NA,AWEDW,130,CHRONIC,MAX
NA,3,.BETA.-HEXACHLOROCYCLOHEXANE,NA,UG/L,NA,AWE,1600,ACUTE,MAX
319-86-8,4,.DELTA.-HEXACHLOROCYCLOHEXANE,NA,UG/L,HEXACHLOROCYCLOHEXANE DELTA,AWC,1600,ACUTE,MAX
319-86-8,4,.DELTA.-HEXACHLOROCYCLOHEXANE,NA,UG/L,HEXACHLOROCYCLOHEXANE DELTA,AWC,130,CHRONIC,MAX
319-86-8,4,.DELTA.-HEXACHLOROCYCLOHEXANE,NA,UG/L,HEXACHLOROCYCLOHEXANE DELTA,AWW,1600,ACUTE,MAX
319-86-8,4,.DELTA.-HEXACHLOROCYCLOHEXANE,NA,UG/L,HEXACHLOROCYCLOHEXANE DELTA,AWW,130,CHRONIC,MAX
319-86-8,4,.DELTA.-HEXACHLOROCYCLOHEXANE,NA,UG/L,HEXACHLOROCYCLOHEXANE DELTA,AWEDW,1600,ACUTE,MAX
319-86-8,4,.DELTA.-HEXACHLOROCYCLOHEXANE,NA,UG/L,HEXACHLOROCYCLOHEXANE DELTA,AWEDW,130,CHRONIC,MAX
319-86-8,4,.DELTA.-HEXACHLOROCYCLOHEXANE,NA,UG/L,HEXACHLOROCYCLOHEXANE DELTA,AWE,1600,ACUTE,MAX
71-55-6,5,"1,1,1-TRICHLOROETHANE",DISSOLVED,UG/L,NA,DWS,200,NA,MAX
71-55-6,5,"1,1,1-TRICHLOROETHANE",DISSOLVED,UG/L,NA,FC,428571,NA,MAX
71-55-6,5,"1,1,1-TRICHLOROETHANE",DISSOLVED,UG/L,NA,FBC,1866667,NA,MAX
71-55-6,5,"1,1,1-TRICHLOROETHANE",DISSOLVED,UG/L,NA,PBC,1866667,NA,MAX
71-55-6,5,"1,1,1-TRICHLOROETHANE",DISSOLVED,UG/L,NA,AWC,2600,ACUTE,MAX
71-55-6,5,"1,1,1-TRICHLOROETHANE",DISSOLVED,UG/L,NA,AWC,1600,CHRONIC,MAX
71-55-6,5,"1,1,1-TRICHLOROETHANE",DISSOLVED,UG/L,NA,AWW,2600,ACUTE,MAX
71-55-6,5,"1,1,1-TRICHLOROETHANE",DISSOLVED,UG/L,NA,AWW,1600,CHRONIC,MAX
71-55-6,5,"1,1,1-TRICHLOROETHANE",DISSOLVED,UG/L,NA,AWEDW,2600,ACUTE,MAX
71-55-6,5,"1,1,1-TRICHLOROETHANE",DISSOLVED,UG/L,NA,AWEDW,1600,CHRONIC,MAX
71-55-6,5,"1,1,1-TRICHLOROETHANE",DISSOLVED,UG/L,NA,AGI,1000,NA,MAX
79-34-5,7,"1,1,2,2-TETRACHLOROETHANE",DISSOLVED,UG/L,NA,DWS,0.2,NA,MAX
79-34-5,7,"1,1,2,2-TETRACHLOROETHANE",DISSOLVED,UG/L,NA,FC,4,NA,MAX
79-34-5,7,"1,1,2,2-TETRACHLOROETHANE",DISSOLVED,UG/L,NA,FBC,7,NA,MAX
79-34-5,7,"1,1,2,2-TETRACHLOROETHANE",DISSOLVED,UG/L,NA,PBC,56000,NA,MAX
79-34-5,7,"1,1,2,2-TETRACHLOROETHANE",DISSOLVED,UG/L,NA,AWC,4700,ACUTE,MAX
79-34-5,7,"1,1,2,2-TETRACHLOROETHANE",DISSOLVED,UG/L,NA,AWC,3200,CHRONIC,MAX
79-34-5,7,"1,1,2,2-TETRACHLOROETHANE",DISSOLVED,UG/L,NA,AWW,4700,ACUTE,MAX
79-34-5,7,"1,1,2,2-TETRACHLOROETHANE",DISSOLVED,UG/L,NA,AWW,3200,CHRONIC,MAX
79-34-5,7,"1,1,2,2-TETRACHLOROETHANE",DISSOLVED,UG/L,NA,AWEDW,4700,ACUTE,MAX
79-34-5,7,"1,1,2,2-TETRACHLOROETHANE",DISSOLVED,UG/L,NA,AWEDW,3200,CHRONIC,MAX
79-00-5,9,"1,1,2-TRICHLOROETHANE",DISSOLVED,UG/L,NA,DWS,5,NA,MAX
79-00-5,9,"1,1,2-TRICHLOROETHANE",DISSOLVED,UG/L,NA,FC,16,NA,MAX
79-00-5,9,"1,1,2-TRICHLOROETHANE",DISSOLVED,UG/L,NA,FBC,25,NA,MAX
79-00-5,9,"1,1,2-TRICHLOROETHANE",DISSOLVED,UG/L,NA,PBC,3733,NA,MAX
79-00-5,9,"1,1,2-TRICHLOROETHANE",DISSOLVED,UG/L,NA,AWC,18000,ACUTE,MAX
79-00-5,9,"1,1,2-TRICHLOROETHANE",DISSOLVED,UG/L,NA,AWC,12000,CHRONIC,MAX
79-00-5,9,"1,1,2-TRICHLOROETHANE",DISSOLVED,UG/L,NA,AWW,18000,ACUTE,MAX
79-00-5,9,"1,1,2-TRICHLOROETHANE",DISSOLVED,UG/L,NA,AWW,12000,CHRONIC,MAX
79-00-5,9,"1,1,2-TRICHLOROETHANE",DISSOLVED,UG/L,NA,AWEDW,18000,ACUTE,MAX
79-00-5,9,"1,1,2-TRICHLOROETHANE",DISSOLVED,UG/L,NA,AWEDW,12000,CHRONIC,MAX
75-35-4,11,"1,1-DICHLOROETHYLENE",DISSOLVED,UG/L,NA,DWS,7,NA,MAX
75-35-4,11,"1,1-DICHLOROETHYLENE",DISSOLVED,UG/L,NA,FC,7143,NA,MAX
75-35-4,11,"1,1-DICHLOROETHYLENE",DISSOLVED,UG/L,NA,FBC,46667,NA,MAX
75-35-4,11,"1,1-DICHLOROETHYLENE",DISSOLVED,UG/L,NA,PBC,46667,NA,MAX
75-35-4,11,"1,1-DICHLOROETHYLENE",DISSOLVED,UG/L,NA,AWC,15000,ACUTE,MAX
75-35-4,11,"1,1-DICHLOROETHYLENE",DISSOLVED,UG/L,NA,AWC,950,CHRONIC,MAX
75-35-4,11,"1,1-DICHLOROETHYLENE",DISSOLVED,UG/L,NA,AWW,15000,ACUTE,MAX
75-35-4,11,"1,1-DICHLOROETHYLENE",DISSOLVED,UG/L,NA,AWW,950,CHRONIC,MAX
75-35-4,11,"1,1-DICHLOROETHYLENE",DISSOLVED,UG/L,NA,AWEDW,15000,ACUTE,MAX
75-35-4,11,"1,1-DICHLOROETHYLENE",DISSOLVED,UG/L,NA,AWEDW,950,CHRONIC,MAX
120-82-1,13,"1,2,4-TRICHLOROBENZENE",DISSOLVED,UG/L,NA,DWS,70,NA,MAX
120-82-1,13,"1,2,4-TRICHLOROBENZENE",DISSOLVED,UG/L,NA,FC,70,NA,MAX
120-82-1,13,"1,2,4-TRICHLOROBENZENE",DISSOLVED,UG/L,NA,FBC,9333,NA,MAX
120-82-1,13,"1,2,4-TRICHLOROBENZENE",DISSOLVED,UG/L,NA,PBC,9333,NA,MAX
120-82-1,13,"1,2,4-TRICHLOROBENZENE",DISSOLVED,UG/L,NA,AWC,750,ACUTE,MAX
120-82-1,13,"1,2,4-TRICHLOROBENZENE",DISSOLVED,UG/L,NA,AWC,130,CHRONIC,MAX
120-82-1,13,"1,2,4-TRICHLOROBENZENE",DISSOLVED,UG/L,NA,AWW,1700,ACUTE,MAX
120-82-1,13,"1,2,4-TRICHLOROBENZENE",DISSOLVED,UG/L,NA,AWW,300,CHRONIC,MAX
120-82-1,13,"1,2,4-TRICHLOROBENZENE",DISSOLVED,UG/L,NA,AWEDW,1700,ACUTE,MAX
120-82-1,13,"1,2,4-TRICHLOROBENZENE",DISSOLVED,UG/L,NA,AWEDW,300,CHRONIC,MAX
96-12-8,15,"1,2-DIBROMO-3-CHLOROPROPANE",NA,UG/L,NA,DWS,0.2,NA,MAX
107-06-2,16,"1,2-DICHLOROETHANE",NA,UG/L,NA,DWS,5,NA,MAX
107-06-2,16,"1,2-DICHLOROETHANE",NA,UG/L,NA,FC,37,NA,MAX
107-06-2,16,"1,2-DICHLOROETHANE",NA,UG/L,NA,FBC,15,NA,MAX
107-06-2,16,"1,2-DICHLOROETHANE",NA,UG/L,NA,PBC,186667,NA,MAX
107-06-2,16,"1,2-DICHLOROETHANE",NA,UG/L,NA,AWC,59000,ACUTE,MAX
107-06-2,16,"1,2-DICHLOROETHANE",NA,UG/L,NA,AWC,41000,CHRONIC,MAX
107-06-2,16,"1,2-DICHLOROETHANE",NA,UG/L,NA,AWW,59000,ACUTE,MAX
107-06-2,16,"1,2-DICHLOROETHANE",NA,UG/L,NA,AWW,41000,CHRONIC,MAX
107-06-2,16,"1,2-DICHLOROETHANE",NA,UG/L,NA,AWEDW,59000,ACUTE,MAX
107-06-2,16,"1,2-DICHLOROETHANE",NA,UG/L,NA,AWEDW,41000,CHRONIC,MAX
78-87-5,17,"1,2-DICHLOROPROPANE",NA,UG/L,NA,DWS,5,NA,MAX
78-87-5,17,"1,2-DICHLOROPROPANE",NA,UG/L,NA,FC,17518,NA,MAX
78-87-5,17,"1,2-DICHLOROPROPANE",NA,UG/L,NA,FBC,84000,NA,MAX
78-87-5,17,"1,2-DICHLOROPROPANE",NA,UG/L,NA,PBC,84000,NA,MAX
78-87-5,17,"1,2-DICHLOROPROPANE",NA,UG/L,NA,AWC,26000,ACUTE,MAX
78-87-5,17,"1,2-DICHLOROPROPANE",NA,UG/L,NA,AWC,9200,CHRONIC,MAX
78-87-5,17,"1,2-DICHLOROPROPANE",NA,UG/L,NA,AWW,26000,ACUTE,MAX
78-87-5,17,"1,2-DICHLOROPROPANE",NA,UG/L,NA,AWW,9200,CHRONIC,MAX
78-87-5,17,"1,2-DICHLOROPROPANE",NA,UG/L,NA,AWEDW,26000,ACUTE,MAX
78-87-5,17,"1,2-DICHLOROPROPANE",NA,UG/L,NA,AWEDW,9200,CHRONIC,MAX
122-66-7,18,"1,2-DIPHENYLHYDRAZINE",NA,UG/L,NA,DWS,0.04,NA,MAX
122-66-7,18,"1,2-DIPHENYLHYDRAZINE",NA,UG/L,NA,FC,0.2,NA,MAX
122-66-7,18,"1,2-DIPHENYLHYDRAZINE",NA,UG/L,NA,FBC,1.8,NA,MAX
122-66-7,18,"1,2-DIPHENYLHYDRAZINE",NA,UG/L,NA,PBC,1.8,NA,MAX
122-66-7,18,"1,2-DIPHENYLHYDRAZINE",NA,UG/L,NA,AWC,130,ACUTE,MAX
122-66-7,18,"1,2-DIPHENYLHYDRAZINE",NA,UG/L,NA,AWC,11,CHRONIC,MAX
122-66-7,18,"1,2-DIPHENYLHYDRAZINE",NA,UG/L,NA,AWW,130,ACUTE,MAX
122-66-7,18,"1,2-DIPHENYLHYDRAZINE",NA,UG/L,NA,AWW,11,CHRONIC,MAX
122-66-7,18,"1,2-DIPHENYLHYDRAZINE",NA,UG/L,NA,AWEDW,130,ACUTE,MAX
122-66-7,18,"1,2-DIPHENYLHYDRAZINE",NA,UG/L,NA,AWEDW,11,CHRONIC,MAX
542-75-6,19,"1,3-DICHLOROPROPENE",NA,UG/L,NA,DWS,0.7,NA,MAX
542-75-6,19,"1,3-DICHLOROPROPENE",NA,UG/L,NA,FC,42,NA,MAX
542-75-6,19,"1,3-DICHLOROPROPENE",NA,UG/L,NA,FBC,420,NA,MAX
542-75-6,19,"1,3-DICHLOROPROPENE",NA,UG/L,NA,PBC,28000,NA,MAX
542-75-6,19,"1,3-DICHLOROPROPENE",NA,UG/L,NA,AWC,3000,ACUTE,MAX
542-75-6,19,"1,3-DICHLOROPROPENE",NA,UG/L,NA,AWC,1100,CHRONIC,MAX
542-75-6,19,"1,3-DICHLOROPROPENE",NA,UG/L,NA,AWW,3000,ACUTE,MAX
542-75-6,19,"1,3-DICHLOROPROPENE",NA,UG/L,NA,AWW,1100,CHRONIC,MAX
542-75-6,19,"1,3-DICHLOROPROPENE",NA,UG/L,NA,AWEDW,3000,ACUTE,MAX
542-75-6,19,"1,3-DICHLOROPROPENE",NA,UG/L,NA,AWEDW,1100,CHRONIC,MAX
1746-01-6,20,"2,3,7,8-TETRACHLORODIBENZO-P-DIOXIN",TOTAL RECOVERABLE,UG/L,NA,DWS,3e-5,NA,MAX
1746-01-6,20,"2,3,7,8-TETRACHLORODIBENZO-P-DIOXIN",TOTAL RECOVERABLE,UG/L,NA,FC,5e-9,NA,MAX
1746-01-6,20,"2,3,7,8-TETRACHLORODIBENZO-P-DIOXIN",TOTAL RECOVERABLE,UG/L,NA,FBC,3e-5,NA,MAX
1746-01-6,20,"2,3,7,8-TETRACHLORODIBENZO-P-DIOXIN",TOTAL RECOVERABLE,UG/L,NA,PBC,9e-4,NA,MAX
1746-01-6,20,"2,3,7,8-TETRACHLORODIBENZO-P-DIOXIN",TOTAL RECOVERABLE,UG/L,NA,AWC,0.01,ACUTE,MAX
1746-01-6,20,"2,3,7,8-TETRACHLORODIBENZO-P-DIOXIN",TOTAL RECOVERABLE,UG/L,NA,AWC,0.005,CHRONIC,MAX
1746-01-6,20,"2,3,7,8-TETRACHLORODIBENZO-P-DIOXIN",TOTAL RECOVERABLE,UG/L,NA,AWW,0.01,ACUTE,MAX
1746-01-6,20,"2,3,7,8-TETRACHLORODIBENZO-P-DIOXIN",TOTAL RECOVERABLE,UG/L,NA,AWW,0.005,CHRONIC,MAX
1746-01-6,20,"2,3,7,8-TETRACHLORODIBENZO-P-DIOXIN",TOTAL RECOVERABLE,UG/L,NA,AWEDW,0.01,ACUTE,MAX
1746-01-6,20,"2,3,7,8-TETRACHLORODIBENZO-P-DIOXIN",TOTAL RECOVERABLE,UG/L,NA,AWEDW,0.005,CHRONIC,MAX
1746-01-6,20,"2,3,7,8-TETRACHLORODIBENZO-P-DIOXIN",TOTAL RECOVERABLE,UG/L,NA,AWE,0.1,ACUTE,MAX
88-06-2,21,"2,4,6-TRICHLOROPHENOL",NA,UG/L,NA,DWS,3.2,NA,MAX
88-06-2,21,"2,4,6-TRICHLOROPHENOL",NA,UG/L,NA,FC,2,NA,MAX
88-06-2,21,"2,4,6-TRICHLOROPHENOL",NA,UG/L,NA,FBC,130,NA,MAX
88-06-2,21,"2,4,6-TRICHLOROPHENOL",NA,UG/L,NA,PBC,130,NA,MAX
88-06-2,21,"2,4,6-TRICHLOROPHENOL",NA,UG/L,NA,AWC,160,ACUTE,MAX
88-06-2,21,"2,4,6-TRICHLOROPHENOL",NA,UG/L,NA,AWC,25,CHRONIC,MAX
88-06-2,21,"2,4,6-TRICHLOROPHENOL",NA,UG/L,NA,AWW,160,ACUTE,MAX
88-06-2,21,"2,4,6-TRICHLOROPHENOL",NA,UG/L,NA,AWW,25,CHRONIC,MAX
88-06-2,21,"2,4,6-TRICHLOROPHENOL",NA,UG/L,NA,AWEDW,160,ACUTE,MAX
88-06-2,21,"2,4,6-TRICHLOROPHENOL",NA,UG/L,NA,AWEDW,25,CHRONIC,MAX
88-06-2,21,"2,4,6-TRICHLOROPHENOL",NA,UG/L,NA,AWE,3000,ACUTE,MAX
120-83-2,22,"2,4-DICHLOROPHENOL",NA,UG/L,NA,DWS,21,NA,MAX
120-83-2,22,"2,4-DICHLOROPHENOL",NA,UG/L,NA,FC,59,NA,MAX
120-83-2,22,"2,4-DICHLOROPHENOL",NA,UG/L,NA,FBC,2800,NA,MAX
120-83-2,22,"2,4-DICHLOROPHENOL",NA,UG/L,NA,PBC,2800,NA,MAX
120-83-2,22,"2,4-DICHLOROPHENOL",NA,UG/L,NA,AWC,1000,ACUTE,MAX
120-83-2,22,"2,4-DICHLOROPHENOL",NA,UG/L,NA,AWC,88,CHRONIC,MAX
120-83-2,22,"2,4-DICHLOROPHENOL",NA,UG/L,NA,AWW,1000,ACUTE,MAX
120-83-2,22,"2,4-DICHLOROPHENOL",NA,UG/L,NA,AWW,88,CHRONIC,MAX
120-83-2,22,"2,4-DICHLOROPHENOL",NA,UG/L,NA,AWEDW,1000,ACUTE,MAX
120-83-2,22,"2,4-DICHLOROPHENOL",NA,UG/L,NA,AWEDW,88,CHRONIC,MAX
94-75-7,23,"2,4-DICHLOROPHENOXYACETIC ACID",NA,UG/L,NA,DWS,70,NA,MAX
94-75-7,23,"2,4-DICHLOROPHENOXYACETIC ACID",NA,UG/L,NA,FBC,9333,NA,MAX
94-75-7,23,"2,4-DICHLOROPHENOXYACETIC ACID",NA,UG/L,NA,PBC,9333,NA,MAX
105-67-9,24,"2,4-DIMETHYLPHENOL",NA,UG/L,NA,DWS,140,NA,MAX
105-67-9,24,"2,4-DIMETHYLPHENOL",NA,UG/L,NA,FC,171,NA,MAX
105-67-9,24,"2,4-DIMETHYLPHENOL",NA,UG/L,NA,FBC,18667,NA,MAX
105-67-9,24,"2,4-DIMETHYLPHENOL",NA,UG/L,NA,PBC,18667,NA,MAX
105-67-9,24,"2,4-DIMETHYLPHENOL",NA,UG/L,NA,AWC,1000,ACUTE,MAX
105-67-9,24,"2,4-DIMETHYLPHENOL",NA,UG/L,NA,AWC,310,CHRONIC,MAX
105-67-9,24,"2,4-DIMETHYLPHENOL",NA,UG/L,NA,AWW,1000,ACUTE,MAX
105-67-9,24,"2,4-DIMETHYLPHENOL",NA,UG/L,NA,AWW,310,CHRONIC,MAX
105-67-9,24,"2,4-DIMETHYLPHENOL",NA,UG/L,NA,AWEDW,1000,ACUTE,MAX
105-67-9,24,"2,4-DIMETHYLPHENOL",NA,UG/L,NA,AWEDW,310,CHRONIC,MAX
105-67-9,24,"2,4-DIMETHYLPHENOL",NA,UG/L,NA,AWE,150000,ACUTE,MAX
51-28-5,25,"2,4-DINITROPHENOL",NA,UG/L,NA,DWS,14,NA,MAX
51-28-5,25,"2,4-DINITROPHENOL",NA,UG/L,NA,FC,1067,NA,MAX
51-28-5,25,"2,4-DINITROPHENOL",NA,UG/L,NA,FBC,1867,NA,MAX
51-28-5,25,"2,4-DINITROPHENOL",NA,UG/L,NA,PBC,1867,NA,MAX
51-28-5,25,"2,4-DINITROPHENOL",NA,UG/L,NA,AWC,110,ACUTE,MAX
51-28-5,25,"2,4-DINITROPHENOL",NA,UG/L,NA,AWC,9.2,CHRONIC,MAX
51-28-5,25,"2,4-DINITROPHENOL",NA,UG/L,NA,AWW,110,ACUTE,MAX
51-28-5,25,"2,4-DINITROPHENOL",NA,UG/L,NA,AWW,9.2,CHRONIC,MAX
51-28-5,25,"2,4-DINITROPHENOL",NA,UG/L,NA,AWEDW,110,ACUTE,MAX
51-28-5,25,"2,4-DINITROPHENOL",NA,UG/L,NA,AWEDW,9.2,CHRONIC,MAX
121-14-2,26,"2,4-DINITROTOLUENE",NA,UG/L,NA,DWS,14,NA,MAX
121-14-2,26,"2,4-DINITROTOLUENE",NA,UG/L,NA,FC,421,NA,MAX
121-14-2,26,"2,4-DINITROTOLUENE",NA,UG/L,NA,FBC,1867,NA,MAX
121-14-2,26,"2,4-DINITROTOLUENE",NA,UG/L,NA,PBC,1867,NA,MAX
121-14-2,26,"2,4-DINITROTOLUENE",NA,UG/L,NA,AWC,14000,ACUTE,MAX
121-14-2,26,"2,4-DINITROTOLUENE",NA,UG/L,NA,AWC,860,CHRONIC,MAX
121-14-2,26,"2,4-DINITROTOLUENE",NA,UG/L,NA,AWW,14000,ACUTE,MAX
121-14-2,26,"2,4-DINITROTOLUENE",NA,UG/L,NA,AWW,860,CHRONIC,MAX
121-14-2,26,"2,4-DINITROTOLUENE",NA,UG/L,NA,AWEDW,14000,ACUTE,MAX
121-14-2,26,"2,4-DINITROTOLUENE",NA,UG/L,NA,AWEDW,860,CHRONIC,MAX
606-20-2,27,"2,6-DINITROTOLUENE",NA,UG/L,NA,DWS,0.05,NA,MAX
606-20-2,27,"2,6-DINITROTOLUENE",NA,UG/L,NA,FBC,2,NA,MAX
606-20-2,27,"2,6-DINITROTOLUENE",NA,UG/L,NA,PBC,3733,NA,MAX
110-75-8,28,2-CHLOROETHYL VINYL ETHER,NA,UG/L,NA,AWC,180000,ACUTE,MAX
110-75-8,28,2-CHLOROETHYL VINYL ETHER,NA,UG/L,NA,AWC,9800,CHRONIC,MAX
110-75-8,28,2-CHLOROETHYL VINYL ETHER,NA,UG/L,NA,AWW,180000,ACUTE,MAX
110-75-8,28,2-CHLOROETHYL VINYL ETHER,NA,UG/L,NA,AWW,9800,CHRONIC,MAX
110-75-8,28,2-CHLOROETHYL VINYL ETHER,NA,UG/L,NA,AWEDW,180000,ACUTE,MAX
110-75-8,28,2-CHLOROETHYL VINYL ETHER,NA,UG/L,NA,AWEDW,9800,CHRONIC,MAX
91-58-7,29,2-CHLORONAPHTHALENE,TOTAL RECOVERABLE,UG/L,NA,DWS,560,NA,MAX
91-58-7,29,2-CHLORONAPHTHALENE,TOTAL RECOVERABLE,UG/L,NA,FC,317,NA,MAX
91-58-7,29,2-CHLORONAPHTHALENE,TOTAL RECOVERABLE,UG/L,NA,FBC,74667,NA,MAX
91-58-7,29,2-CHLORONAPHTHALENE,TOTAL RECOVERABLE,UG/L,NA,PBC,74667,NA,MAX
91-94-1,30,"3,3'-DICHLOROBENZIDINE",TOTAL RECOVERABLE,UG/L,NA,DWS,0.08,NA,MAX
91-94-1,30,"3,3'-DICHLOROBENZIDINE",TOTAL RECOVERABLE,UG/L,NA,FC,0.03,NA,MAX
91-94-1,30,"3,3'-DICHLOROBENZIDINE",TOTAL RECOVERABLE,UG/L,NA,FBC,3,NA,MAX
91-94-1,30,"3,3'-DICHLOROBENZIDINE",TOTAL RECOVERABLE,UG/L,NA,PBC,3,NA,MAX
534-52-1,31,"4,6-DINITRO-O-CRESOL",TOTAL RECOVERABLE,UG/L,NA,DWS,28,NA,MAX
534-52-1,31,"4,6-DINITRO-O-CRESOL",TOTAL RECOVERABLE,UG/L,NA,FC,582,NA,MAX
534-52-1,31,"4,6-DINITRO-O-CRESOL",TOTAL RECOVERABLE,UG/L,NA,FBC,3733,NA,MAX
534-52-1,31,"4,6-DINITRO-O-CRESOL",TOTAL RECOVERABLE,UG/L,NA,PBC,3733,NA,MAX
534-52-1,31,"4,6-DINITRO-O-CRESOL",TOTAL RECOVERABLE,UG/L,NA,AWC,310,ACUTE,MAX
534-52-1,31,"4,6-DINITRO-O-CRESOL",TOTAL RECOVERABLE,UG/L,NA,AWC,24,CHRONIC,MAX
534-52-1,31,"4,6-DINITRO-O-CRESOL",TOTAL RECOVERABLE,UG/L,NA,AWW,310,ACUTE,MAX
534-52-1,31,"4,6-DINITRO-O-CRESOL",TOTAL RECOVERABLE,UG/L,NA,AWW,24,CHRONIC,MAX
534-52-1,31,"4,6-DINITRO-O-CRESOL",TOTAL RECOVERABLE,UG/L,NA,AWEDW,310,ACUTE,MAX
534-52-1,31,"4,6-DINITRO-O-CRESOL",TOTAL RECOVERABLE,UG/L,NA,AWEDW,24,CHRONIC,MAX
83-32-9,32,ACENAPHTHENE,NA,UG/L,NA,DWS,420,NA,MAX
83-32-9,32,ACENAPHTHENE,NA,UG/L,NA,FC,198,NA,MAX
83-32-9,32,ACENAPHTHENE,NA,UG/L,NA,FBC,56000,NA,MAX
83-32-9,32,ACENAPHTHENE,NA,UG/L,NA,PBC,56000,NA,MAX
83-32-9,32,ACENAPHTHENE,NA,UG/L,NA,AWC,850,ACUTE,MAX
83-32-9,32,ACENAPHTHENE,NA,UG/L,NA,AWC,550,CHRONIC,MAX
83-32-9,32,ACENAPHTHENE,NA,UG/L,NA,AWW,850,ACUTE,MAX
83-32-9,32,ACENAPHTHENE,NA,UG/L,NA,AWW,550,CHRONIC,MAX
83-32-9,32,ACENAPHTHENE,NA,UG/L,NA,AWEDW,850,ACUTE,MAX
83-32-9,32,ACENAPHTHENE,NA,UG/L,NA,AWEDW,550,CHRONIC,MAX
107-02-8,33,ACROLEIN,NA,UG/L,NA,DWS,3.5,NA,MAX
107-02-8,33,ACROLEIN,NA,UG/L,NA,FC,1.9,NA,MAX
107-02-8,33,ACROLEIN,NA,UG/L,NA,FBC,467,NA,MAX
107-02-8,33,ACROLEIN,NA,UG/L,NA,PBC,467,NA,MAX
107-02-8,33,ACROLEIN,NA,UG/L,NA,AWC,34,ACUTE,MAX
107-02-8,33,ACROLEIN,NA,UG/L,NA,AWC,30,CHRONIC,MAX
107-02-8,33,ACROLEIN,NA,UG/L,NA,AWW,34,ACUTE,MAX
107-02-8,33,ACROLEIN,NA,UG/L,NA,AWW,30,CHRONIC,MAX
107-02-8,33,ACROLEIN,NA,UG/L,NA,AWEDW,34,ACUTE,MAX
107-02-8,33,ACROLEIN,NA,UG/L,NA,AWEDW,30,CHRONIC,MAX
107-13-1,34,ACRYLONITRILE,NA,UG/L,NA,DWS,0.06,NA,MAX
107-13-1,34,ACRYLONITRILE,NA,UG/L,NA,FC,0.2,NA,MAX
107-13-1,34,ACRYLONITRILE,NA,UG/L,NA,FBC,3,NA,MAX
107-13-1,34,ACRYLONITRILE,NA,UG/L,NA,PBC,37333,NA,MAX
107-13-1,34,ACRYLONITRILE,NA,UG/L,NA,AWC,3800,ACUTE,MAX
107-13-1,34,ACRYLONITRILE,NA,UG/L,NA,AWC,250,CHRONIC,MAX
107-13-1,34,ACRYLONITRILE,NA,UG/L,NA,AWW,3800,ACUTE,MAX
107-13-1,34,ACRYLONITRILE,NA,UG/L,NA,AWW,250,CHRONIC,MAX
107-13-1,34,ACRYLONITRILE,NA,UG/L,NA,AWEDW,3800,ACUTE,MAX
107-13-1,34,ACRYLONITRILE,NA,UG/L,NA,AWEDW,250,CHRONIC,MAX
15972-60-8,35,ALACHLOR,NA,UG/L,NA,DWS,2,NA,MAX
15972-60-8,35,ALACHLOR,NA,UG/L,NA,FBC,9333,NA,MAX
15972-60-8,35,ALACHLOR,NA,UG/L,NA,PBC,9333,NA,MAX
15972-60-8,35,ALACHLOR,NA,UG/L,NA,AWC,2500,ACUTE,MAX
15972-60-8,35,ALACHLOR,NA,UG/L,NA,AWC,170,CHRONIC,MAX
15972-60-8,35,ALACHLOR,NA,UG/L,NA,AWW,2500,ACUTE,MAX
15972-60-8,35,ALACHLOR,NA,UG/L,NA,AWW,170,CHRONIC,MAX
15972-60-8,35,ALACHLOR,NA,UG/L,NA,AWEDW,2500,ACUTE,MAX
15972-60-8,35,ALACHLOR,NA,UG/L,NA,AWEDW,170,CHRONIC,MAX
309-00-2,36,ALDRIN,NA,UG/L,NA,DWS,0.002,NA,MAX
309-00-2,36,ALDRIN,NA,UG/L,NA,FC,5e-5,NA,MAX
309-00-2,36,ALDRIN,NA,UG/L,NA,FBC,0.08,NA,MAX
309-00-2,36,ALDRIN,NA,UG/L,NA,PBC,28,NA,MAX
309-00-2,36,ALDRIN,NA,UG/L,NA,AWC,3,ACUTE,MAX
309-00-2,36,ALDRIN,NA,UG/L,NA,AWW,3,ACUTE,MAX
309-00-2,36,ALDRIN,NA,UG/L,NA,AWEDW,3,ACUTE,MAX
309-00-2,36,ALDRIN,NA,UG/L,NA,AWE,4.5,ACUTE,MAX
309-00-2,36,ALDRIN,NA,UG/L,NA,AGI,0.003,NA,MAX
12587-46-1,37,ALPHA PARTICLE,NA,PCI/L,ALPHA PARTICLES (GROSS) RADIOACTIVITY,DWS,15,NA,MAX
120-12-7,39,ANTHRACENE,NA,UG/L,NA,DWS,2100,NA,MAX
120-12-7,39,ANTHRACENE,NA,UG/L,NA,FC,74,NA,MAX
120-12-7,39,ANTHRACENE,NA,UG/L,NA,FBC,280000,NA,MAX
120-12-7,39,ANTHRACENE,NA,UG/L,NA,PBC,280000,NA,MAX
7440-36-0,40,ANTIMONY,DISSOLVED,UG/L,NA,AWC,88,ACUTE,MAX
7440-36-0,40,ANTIMONY,DISSOLVED,UG/L,NA,AWC,30,CHRONIC,MAX
7440-36-0,40,ANTIMONY,DISSOLVED,UG/L,NA,AWW,88,ACUTE,MAX
7440-36-0,40,ANTIMONY,DISSOLVED,UG/L,NA,AWW,30,CHRONIC,MAX
7440-36-0,40,ANTIMONY,DISSOLVED,UG/L,NA,AWEDW,1000,ACUTE,MAX
7440-36-0,40,ANTIMONY,DISSOLVED,UG/L,NA,AWEDW,600,CHRONIC,MAX
7440-36-0,41,ANTIMONY,TOTAL RECOVERABLE,UG/L,NA,DWS,6,NA,MAX
7440-36-0,41,ANTIMONY,TOTAL RECOVERABLE,UG/L,NA,FC,640,NA,MAX
7440-36-0,41,ANTIMONY,TOTAL RECOVERABLE,UG/L,NA,FBC,747,NA,MAX
7440-36-0,41,ANTIMONY,TOTAL RECOVERABLE,UG/L,NA,PBC,747,NA,MAX
7440-36-0,41,ANTIMONY,TOTAL RECOVERABLE,UG/L,NA,AGI,2000,NA,MAX
7440-36-0,41,ANTIMONY,TOTAL RECOVERABLE,UG/L,NA,AGL,200,NA,MAX
7440-38-2,42,ARSENIC,DISSOLVED,UG/L,NA,AWC,340,ACUTE,MAX
7440-38-2,42,ARSENIC,DISSOLVED,UG/L,NA,AWC,150,CHRONIC,MAX
7440-38-2,42,ARSENIC,DISSOLVED,UG/L,NA,AWW,340,ACUTE,MAX
7440-38-2,42,ARSENIC,DISSOLVED,UG/L,NA,AWW,150,CHRONIC,MAX
7440-38-2,42,ARSENIC,DISSOLVED,UG/L,NA,AWEDW,340,ACUTE,MAX
7440-38-2,42,ARSENIC,DISSOLVED,UG/L,NA,AWEDW,150,CHRONIC,MAX
7440-38-2,42,ARSENIC,DISSOLVED,UG/L,NA,AWE,440,ACUTE,MAX
7440-38-2,43,ARSENIC,TOTAL RECOVERABLE,UG/L,NA,DWS,10,NA,MAX
7440-38-2,43,ARSENIC,TOTAL RECOVERABLE,UG/L,NA,FC,80,NA,MAX
7440-38-2,43,ARSENIC,TOTAL RECOVERABLE,UG/L,NA,FBC,30,NA,MAX
7440-38-2,43,ARSENIC,TOTAL RECOVERABLE,UG/L,NA,PBC,280,NA,MAX
7440-38-2,43,ARSENIC,TOTAL RECOVERABLE,UG/L,NA,AGI,2000,NA,MAX
7440-38-2,43,ARSENIC,TOTAL RECOVERABLE,UG/L,NA,AGL,200,NA,MAX
1912-24-9,44,ATRAZINE,NA,UG/L,NA,DWS,3,NA,MAX
1912-24-9,44,ATRAZINE,NA,UG/L,NA,FBC,32667,NA,MAX
1912-24-9,44,ATRAZINE,NA,UG/L,NA,PBC,32667,NA,MAX
86-50-0,45,AZINPHOS-METHYL,TOTAL RECOVERABLE,UG/L,GUTHION,AWC,0.01,CHRONIC,MAX
86-50-0,45,AZINPHOS-METHYL,TOTAL RECOVERABLE,UG/L,GUTHION,AWW,0.01,CHRONIC,MAX
86-50-0,45,AZINPHOS-METHYL,TOTAL RECOVERABLE,UG/L,GUTHION,AWEDW,0.01,CHRONIC,MAX
7440-39-3,46,BARIUM,TOTAL RECOVERABLE,UG/L,NA,DWS,2000,NA,MAX
7440-39-3,46,BARIUM,TOTAL RECOVERABLE,UG/L,NA,FBC,98000,NA,MAX
7440-39-3,46,BARIUM,TOTAL RECOVERABLE,UG/L,NA,PBC,98000,NA,MAX
71-43-2,47,BENZENE,NA,UG/L,NA,DWS,5,NA,MAX
71-43-2,47,BENZENE,NA,UG/L,NA,FC,114,NA,MAX
71-43-2,47,BENZENE,NA,UG/L,NA,FBC,93,NA,MAX
71-43-2,47,BENZENE,NA,UG/L,NA,PBC,3773,NA,MAX
71-43-2,47,BENZENE,NA,UG/L,NA,AWC,2700,ACUTE,MAX
71-43-2,47,BENZENE,NA,UG/L,NA,AWC,180,CHRONIC,MAX
71-43-2,47,BENZENE,NA,UG/L,NA,AWW,2700,ACUTE,MAX
71-43-2,47,BENZENE,NA,UG/L,NA,AWW,180,CHRONIC,MAX
71-43-2,47,BENZENE,NA,UG/L,NA,AWEDW,8800,ACUTE,MAX
71-43-2,47,BENZENE,NA,UG/L,NA,AWEDW,560,CHRONIC,MAX
92-87-5,48,BENZIDINE,NA,UG/L,NA,DWS,2e-4,NA,MAX
92-87-5,48,BENZIDINE,NA,UG/L,NA,FC,2e-4,NA,MAX
92-87-5,48,BENZIDINE,NA,UG/L,NA,FBC,0.01,NA,MAX
92-87-5,48,BENZIDINE,NA,UG/L,NA,PBC,2800,NA,MAX
92-87-5,48,BENZIDINE,NA,UG/L,NA,AWC,1300,ACUTE,MAX
92-87-5,48,BENZIDINE,NA,UG/L,NA,AWC,89,CHRONIC,MAX
92-87-5,48,BENZIDINE,NA,UG/L,NA,AWW,1300,ACUTE,MAX
92-87-5,48,BENZIDINE,NA,UG/L,NA,AWW,89,CHRONIC,MAX
92-87-5,48,BENZIDINE,NA,UG/L,NA,AWEDW,1300,ACUTE,MAX
92-87-5,48,BENZIDINE,NA,UG/L,NA,AWEDW,89,CHRONIC,MAX
92-87-5,48,BENZIDINE,NA,UG/L,NA,AWE,10000,ACUTE,MAX
92-87-5,48,BENZIDINE,NA,UG/L,NA,AGI,0.01,NA,MAX
92-87-5,48,BENZIDINE,NA,UG/L,NA,AGL,0.01,NA,MAX
50-32-8,49,BENZO[A]PYRENE,NA,UG/L,NA,DWS,0.2,NA,MAX
50-32-8,49,BENZO[A]PYRENE,NA,UG/L,NA,FC,0.02,NA,MAX
50-32-8,49,BENZO[A]PYRENE,NA,UG/L,NA,FBC,0.2,NA,MAX
50-32-8,49,BENZO[A]PYRENE,NA,UG/L,NA,PBC,0.2,NA,MAX
207-08-9,50,BENZO[K]FLUORANTHENE,NA,UG/L,NA,DWS,0.005,NA,MAX
207-08-9,50,BENZO[K]FLUORANTHENE,NA,UG/L,NA,FC,0.02,NA,MAX
207-08-9,50,BENZO[K]FLUORANTHENE,NA,UG/L,NA,FBC,1.9,NA,MAX
207-08-9,50,BENZO[K]FLUORANTHENE,NA,UG/L,NA,PBC,1.9,NA,MAX
56-55-3,51,BENZ[A]ANTHRACENE,NA,UG/L,NA,DWS,0.005,NA,MAX
56-55-3,51,BENZ[A]ANTHRACENE,NA,UG/L,NA,FC,0.02,NA,MAX
56-55-3,51,BENZ[A]ANTHRACENE,NA,UG/L,NA,FBC,0.2,NA,MAX
56-55-3,51,BENZ[A]ANTHRACENE,NA,UG/L,NA,PBC,0.2,NA,MAX
7440-41-7,53,BERYLLIUM,TOTAL RECOVERABLE,UG/L,NA,DWS,4,NA,MAX
7440-41-7,53,BERYLLIUM,TOTAL RECOVERABLE,UG/L,NA,FC,84,NA,MAX
7440-41-7,53,BERYLLIUM,TOTAL RECOVERABLE,UG/L,NA,FBC,1867,NA,MAX
7440-41-7,53,BERYLLIUM,TOTAL RECOVERABLE,UG/L,NA,PBC,1867,NA,MAX
7440-41-7,52,BERYLLIUM,DISSOLVED,UG/L,NA,AWC,65,ACUTE,MAX
7440-41-7,52,BERYLLIUM,DISSOLVED,UG/L,NA,AWC,5.3,CHRONIC,MAX
7440-41-7,52,BERYLLIUM,DISSOLVED,UG/L,NA,AWW,65,ACUTE,MAX
7440-41-7,52,BERYLLIUM,DISSOLVED,UG/L,NA,AWW,5.3,CHRONIC,MAX
7440-41-7,52,BERYLLIUM,DISSOLVED,UG/L,NA,AWEDW,65,ACUTE,MAX
7440-41-7,52,BERYLLIUM,DISSOLVED,UG/L,NA,AWEDW,5.3,CHRONIC,MAX
111-44-4,54,BIS(2-CHLOROETHYL) ETHER,TOTAL RECOVERABLE,UG/L,NA,DWS,0.03,NA,MAX
111-44-4,54,BIS(2-CHLOROETHYL) ETHER,TOTAL RECOVERABLE,UG/L,NA,FC,0.5,NA,MAX
111-44-4,54,BIS(2-CHLOROETHYL) ETHER,TOTAL RECOVERABLE,UG/L,NA,FBC,1,NA,MAX
111-44-4,54,BIS(2-CHLOROETHYL) ETHER,TOTAL RECOVERABLE,UG/L,NA,PBC,1,NA,MAX
111-44-4,54,BIS(2-CHLOROETHYL) ETHER,TOTAL RECOVERABLE,UG/L,NA,AWC,120000,ACUTE,MAX
111-44-4,54,BIS(2-CHLOROETHYL) ETHER,TOTAL RECOVERABLE,UG/L,NA,AWC,6700,CHRONIC,MAX
111-44-4,54,BIS(2-CHLOROETHYL) ETHER,TOTAL RECOVERABLE,UG/L,NA,AWW,120000,ACUTE,MAX
111-44-4,54,BIS(2-CHLOROETHYL) ETHER,TOTAL RECOVERABLE,UG/L,NA,AWW,6700,CHRONIC,MAX
111-44-4,54,BIS(2-CHLOROETHYL) ETHER,TOTAL RECOVERABLE,UG/L,NA,AWEDW,120000,ACUTE,MAX
111-44-4,54,BIS(2-CHLOROETHYL) ETHER,TOTAL RECOVERABLE,UG/L,NA,AWEDW,6700,CHRONIC,MAX
39638-32-9,55,BIS(2-CHLOROISOPROPYL) ETHER,NA,UG/L,NA,DWS,280,NA,MAX
39638-32-9,55,BIS(2-CHLOROISOPROPYL) ETHER,NA,UG/L,NA,FC,3441,NA,MAX
39638-32-9,55,BIS(2-CHLOROISOPROPYL) ETHER,NA,UG/L,NA,FBC,37333,NA,MAX
39638-32-9,55,BIS(2-CHLOROISOPROPYL) ETHER,NA,UG/L,NA,PBC,37333,NA,MAX
7440-42-8,56,BORON,TOTAL RECOVERABLE,UG/L,NA,DWS,1400,NA,MAX
7440-42-8,56,BORON,TOTAL RECOVERABLE,UG/L,NA,FBC,186667,NA,MAX
7440-42-8,56,BORON,TOTAL RECOVERABLE,UG/L,NA,PBC,186667,NA,MAX
7440-42-8,56,BORON,TOTAL RECOVERABLE,UG/L,NA,AGI,1000,NA,MAX
7440-43-9,59,CADMIUM,TOTAL RECOVERABLE,UG/L,NA,DWS,5,NA,MAX
7440-43-9,59,CADMIUM,TOTAL RECOVERABLE,UG/L,NA,FC,84,NA,MAX
7440-43-9,59,CADMIUM,TOTAL RECOVERABLE,UG/L,NA,FBC,700,NA,MAX
7440-43-9,59,CADMIUM,TOTAL RECOVERABLE,UG/L,NA,PBC,700,NA,MAX
7440-43-9,59,CADMIUM,TOTAL RECOVERABLE,UG/L,NA,AGI,50,NA,MAX
7440-43-9,59,CADMIUM,TOTAL RECOVERABLE,UG/L,NA,AGL,50,NA,MAX
1563-66-2,60,CARBOFURAN,NA,UG/L,NA,DWS,40,NA,MAX
1563-66-2,60,CARBOFURAN,NA,UG/L,NA,FBC,4667,NA,MAX
1563-66-2,60,CARBOFURAN,NA,UG/L,NA,PBC,4667,NA,MAX
1563-66-2,60,CARBOFURAN,NA,UG/L,NA,AWC,650,ACUTE,MAX
1563-66-2,60,CARBOFURAN,NA,UG/L,NA,AWC,50,CHRONIC,MAX
1563-66-2,60,CARBOFURAN,NA,UG/L,NA,AWW,650,ACUTE,MAX
1563-66-2,60,CARBOFURAN,NA,UG/L,NA,AWW,50,CHRONIC,MAX
1563-66-2,60,CARBOFURAN,NA,UG/L,NA,AWEDW,650,ACUTE,MAX
1563-66-2,60,CARBOFURAN,NA,UG/L,NA,AWEDW,50,CHRONIC,MAX
56-23-5,61,CARBON TETRACHLORIDE,NA,UG/L,NA,DWS,5,NA,MAX
56-23-5,61,CARBON TETRACHLORIDE,NA,UG/L,NA,FC,2,NA,MAX
56-23-5,61,CARBON TETRACHLORIDE,NA,UG/L,NA,FBC,11,NA,MAX
56-23-5,61,CARBON TETRACHLORIDE,NA,UG/L,NA,PBC,980,NA,MAX
56-23-5,61,CARBON TETRACHLORIDE,NA,UG/L,NA,AWC,18000,ACUTE,MAX
56-23-5,61,CARBON TETRACHLORIDE,NA,UG/L,NA,AWC,1100,CHRONIC,MAX
56-23-5,61,CARBON TETRACHLORIDE,NA,UG/L,NA,AWW,18000,ACUTE,MAX
56-23-5,61,CARBON TETRACHLORIDE,NA,UG/L,NA,AWW,1100,CHRONIC,MAX
56-23-5,61,CARBON TETRACHLORIDE,NA,UG/L,NA,AWEDW,18000,ACUTE,MAX
56-23-5,61,CARBON TETRACHLORIDE,NA,UG/L,NA,AWEDW,1100,CHRONIC,MAX
57-74-9,62,CHLORDANE,NA,UG/L,NA,DWS,2,NA,MAX
57-74-9,62,CHLORDANE,NA,UG/L,NA,FC,8e-4,NA,MAX
57-74-9,62,CHLORDANE,NA,UG/L,NA,FBC,4,NA,MAX
57-74-9,62,CHLORDANE,NA,UG/L,NA,PBC,467,NA,MAX
57-74-9,62,CHLORDANE,NA,UG/L,NA,AWC,2.4,ACUTE,MAX
57-74-9,62,CHLORDANE,NA,UG/L,NA,AWC,0.004,CHRONIC,MAX
57-74-9,62,CHLORDANE,NA,UG/L,NA,AWW,2.4,ACUTE,MAX
57-74-9,62,CHLORDANE,NA,UG/L,NA,AWW,0.2,CHRONIC,MAX
57-74-9,62,CHLORDANE,NA,UG/L,NA,AWEDW,2.4,ACUTE,MAX
57-74-9,62,CHLORDANE,NA,UG/L,NA,AWEDW,0.2,CHRONIC,MAX
57-74-9,62,CHLORDANE,NA,UG/L,NA,AWE,3.2,ACUTE,MAX
7782-50-5,64,CHLORINE,TOTAL RESIDUAL,UG/L,NA,DWS,4000,NA,MAX
7782-50-5,64,CHLORINE,TOTAL RESIDUAL,UG/L,NA,FBC,4000,NA,MAX
7782-50-5,64,CHLORINE,TOTAL RESIDUAL,UG/L,NA,PBC,4000,NA,MAX
7782-50-5,64,CHLORINE,TOTAL RESIDUAL,UG/L,NA,AWC,19,ACUTE,MAX
7782-50-5,64,CHLORINE,TOTAL RESIDUAL,UG/L,NA,AWC,11,CHRONIC,MAX
7782-50-5,64,CHLORINE,TOTAL RESIDUAL,UG/L,NA,AWW,19,ACUTE,MAX
7782-50-5,64,CHLORINE,TOTAL RESIDUAL,UG/L,NA,AWW,11,CHRONIC,MAX
7782-50-5,64,CHLORINE,TOTAL RESIDUAL,UG/L,NA,AWEDW,19,ACUTE,MAX
7782-50-5,64,CHLORINE,TOTAL RESIDUAL,UG/L,NA,AWEDW,11,CHRONIC,MAX
108-90-7,65,CHLOROBENZENE,NA,UG/L,NA,DWS,100,NA,MAX
108-90-7,65,CHLOROBENZENE,NA,UG/L,NA,FC,1553,NA,MAX
108-90-7,65,CHLOROBENZENE,NA,UG/L,NA,FBC,18667,NA,MAX
108-90-7,65,CHLOROBENZENE,NA,UG/L,NA,PBC,18667,NA,MAX
108-90-7,65,CHLOROBENZENE,NA,UG/L,NA,AWC,3800,ACUTE,MAX
108-90-7,65,CHLOROBENZENE,NA,UG/L,NA,AWC,260,CHRONIC,MAX
108-90-7,65,CHLOROBENZENE,NA,UG/L,NA,AWW,3800,ACUTE,MAX
108-90-7,65,CHLOROBENZENE,NA,UG/L,NA,AWW,260,CHRONIC,MAX
108-90-7,65,CHLOROBENZENE,NA,UG/L,NA,AWEDW,3800,ACUTE,MAX
108-90-7,65,CHLOROBENZENE,NA,UG/L,NA,AWEDW,260,CHRONIC,MAX
124-48-1,66,CHLORODIBROMOMETHANE,TOTAL RECOVERABLE,UG/L,DIBROMOCHLOROMETHANE,FC,13,NA,MAX
124-48-1,66,CHLORODIBROMOMETHANE,TOTAL RECOVERABLE,UG/L,DIBROMOCHLOROMETHANE,FBC,18667,NA,MAX
124-48-1,66,CHLORODIBROMOMETHANE,TOTAL RECOVERABLE,UG/L,DIBROMOCHLOROMETHANE,PBC,18667,NA,MAX
67-66-3,67,CHLOROFORM,NA,UG/L,NA,FC,470,NA,MAX
67-66-3,67,CHLOROFORM,NA,UG/L,NA,FBC,230,NA,MAX
67-66-3,67,CHLOROFORM,NA,UG/L,NA,PBC,9333,NA,MAX
67-66-3,67,CHLOROFORM,NA,UG/L,NA,AWC,14000,ACUTE,MAX
67-66-3,67,CHLOROFORM,NA,UG/L,NA,AWC,900,CHRONIC,MAX
67-66-3,67,CHLOROFORM,NA,UG/L,NA,AWW,14000,ACUTE,MAX
67-66-3,67,CHLOROFORM,NA,UG/L,NA,AWW,900,CHRONIC,MAX
67-66-3,67,CHLOROFORM,NA,UG/L,NA,AWEDW,14000,ACUTE,MAX
67-66-3,67,CHLOROFORM,NA,UG/L,NA,AWEDW,900,CHRONIC,MAX
74-87-3,68,CHLOROMETHANE,TOTAL RECOVERABLE,UG/L,NA,AWC,270000,ACUTE,MAX
74-87-3,68,CHLOROMETHANE,TOTAL RECOVERABLE,UG/L,NA,AWC,15000,CHRONIC,MAX
74-87-3,68,CHLOROMETHANE,TOTAL RECOVERABLE,UG/L,NA,AWW,270000,ACUTE,MAX
74-87-3,68,CHLOROMETHANE,TOTAL RECOVERABLE,UG/L,NA,AWW,15000,CHRONIC,MAX
74-87-3,68,CHLOROMETHANE,TOTAL RECOVERABLE,UG/L,NA,AWEDW,270000,ACUTE,MAX
74-87-3,68,CHLOROMETHANE,TOTAL RECOVERABLE,UG/L,NA,AWEDW,15000,CHRONIC,MAX
2921-88-2,69,CHLORPYRIFOS,NA,UG/L,NA,DWS,21,NA,MAX
2921-88-2,69,CHLORPYRIFOS,NA,UG/L,NA,FBC,2800,NA,MAX
2921-88-2,69,CHLORPYRIFOS,NA,UG/L,NA,PBC,2800,NA,MAX
2921-88-2,69,CHLORPYRIFOS,NA,UG/L,NA,AWC,0.08,ACUTE,MAX
2921-88-2,69,CHLORPYRIFOS,NA,UG/L,NA,AWC,0.04,CHRONIC,MAX
2921-88-2,69,CHLORPYRIFOS,NA,UG/L,NA,AWW,0.08,ACUTE,MAX
2921-88-2,69,CHLORPYRIFOS,NA,UG/L,NA,AWW,0.04,CHRONIC,MAX
2921-88-2,69,CHLORPYRIFOS,NA,UG/L,NA,AWEDW,0.08,ACUTE,MAX
2921-88-2,69,CHLORPYRIFOS,NA,UG/L,NA,AWEDW,0.04,CHRONIC,MAX
7440-47-3,70,CHROMIUM,TOTAL RECOVERABLE,UG/L,NA,DWS,100,NA,MAX
7440-47-3,70,CHROMIUM,TOTAL RECOVERABLE,UG/L,NA,AGI,1000,NA,MAX
7440-47-3,70,CHROMIUM,TOTAL RECOVERABLE,UG/L,NA,AGL,1000,NA,MAX
7440-47-3,73,CHROMIUM(III),TOTAL RECOVERABLE,UG/L,NA,FC,75000,NA,MAX
7440-47-3,73,CHROMIUM(III),TOTAL RECOVERABLE,UG/L,NA,FBC,1400000,NA,MAX
7440-47-3,73,CHROMIUM(III),TOTAL RECOVERABLE,UG/L,NA,PBC,1400000,NA,MAX
18540-29-9,74,CHROMIUM(VI),DISSOLVED,UG/L,NA,AWC,16,ACUTE,MAX
18540-29-9,74,CHROMIUM(VI),DISSOLVED,UG/L,NA,AWC,11,CHRONIC,MAX
18540-29-9,74,CHROMIUM(VI),DISSOLVED,UG/L,NA,AWW,16,ACUTE,MAX
18540-29-9,74,CHROMIUM(VI),DISSOLVED,UG/L,NA,AWW,11,CHRONIC,MAX
18540-29-9,74,CHROMIUM(VI),DISSOLVED,UG/L,NA,AWEDW,16,ACUTE,MAX
18540-29-9,74,CHROMIUM(VI),DISSOLVED,UG/L,NA,AWEDW,11,CHRONIC,MAX
18540-29-9,74,CHROMIUM(VI),DISSOLVED,UG/L,NA,AWE,34,ACUTE,MAX
18540-29-9,75,CHROMIUM(VI),TOTAL RECOVERABLE,UG/L,NA,DWS,21,NA,MAX
18540-29-9,75,CHROMIUM(VI),TOTAL RECOVERABLE,UG/L,NA,FC,150,NA,MAX
18540-29-9,75,CHROMIUM(VI),TOTAL RECOVERABLE,UG/L,NA,FBC,2800,NA,MAX
18540-29-9,75,CHROMIUM(VI),TOTAL RECOVERABLE,UG/L,NA,PBC,2800,NA,MAX
218-01-9,76,CHRYSENE,NA,UG/L,NA,DWS,0.005,NA,MAX
218-01-9,76,CHRYSENE,NA,UG/L,NA,FC,0.02,NA,MAX
218-01-9,76,CHRYSENE,NA,UG/L,NA,FBC,19,NA,MAX
156-59-2,77,"CIS-1,2-DICHLOROETHYLENE",NA,UG/L,"1,2-CIS-DICHLOROETHYLENEE",DWS,70,NA,MAX
156-59-2,77,"CIS-1,2-DICHLOROETHYLENE",NA,UG/L,"1,2-CIS-DICHLOROETHYLENEE",FBC,70,NA,MAX
156-59-2,77,"CIS-1,2-DICHLOROETHYLENE",NA,UG/L,"1,2-CIS-DICHLOROETHYLENEE",PBC,70,NA,MAX
10061-01-5,78,"CIS-1,3-DICHLOROPROPENE",TOTAL RECOVERABLE,UG/L,NA,DWS,0.7,NA,MAX
10061-01-5,78,"CIS-1,3-DICHLOROPROPENE",TOTAL RECOVERABLE,UG/L,NA,FC,42,NA,MAX
10061-01-5,78,"CIS-1,3-DICHLOROPROPENE",TOTAL RECOVERABLE,UG/L,NA,FBC,420,NA,MAX
10061-01-5,78,"CIS-1,3-DICHLOROPROPENE",TOTAL RECOVERABLE,UG/L,NA,PBC,28000,NA,MAX
10061-01-5,78,"CIS-1,3-DICHLOROPROPENE",TOTAL RECOVERABLE,UG/L,NA,AWC,3000,ACUTE,MAX
10061-01-5,78,"CIS-1,3-DICHLOROPROPENE",TOTAL RECOVERABLE,UG/L,NA,AWC,1100,CHRONIC,MAX
10061-01-5,78,"CIS-1,3-DICHLOROPROPENE",TOTAL RECOVERABLE,UG/L,NA,AWW,3000,ACUTE,MAX
10061-01-5,78,"CIS-1,3-DICHLOROPROPENE",TOTAL RECOVERABLE,UG/L,NA,AWW,1100,CHRONIC,MAX
10061-01-5,78,"CIS-1,3-DICHLOROPROPENE",TOTAL RECOVERABLE,UG/L,NA,AWEDW,3000,ACUTE,MAX
10061-01-5,78,"CIS-1,3-DICHLOROPROPENE",TOTAL RECOVERABLE,UG/L,NA,AWEDW,1100,CHRONIC,MAX
7440-50-8,80,COPPER,TOTAL RECOVERABLE,UG/L,NA,DWS,1300,NA,MAX
7440-50-8,80,COPPER,TOTAL RECOVERABLE,UG/L,NA,FBC,1300,NA,MAX
7440-50-8,80,COPPER,TOTAL RECOVERABLE,UG/L,NA,PBC,1300,NA,MAX
7440-50-8,80,COPPER,TOTAL RECOVERABLE,UG/L,NA,AGI,5000,NA,MAX
7440-50-8,80,COPPER,TOTAL RECOVERABLE,UG/L,NA,AGL,500,NA,MAX
966879,82,CYANIDE,TOTAL RECOVERABLE,UG/L,NA,DWS,200,NA,MAX
966879,82,CYANIDE,TOTAL RECOVERABLE,UG/L,NA,FC,16000,NA,MAX
966879,82,CYANIDE,TOTAL RECOVERABLE,UG/L,NA,FBC,18667,NA,MAX
966879,82,CYANIDE,TOTAL RECOVERABLE,UG/L,NA,PBC,18667,NA,MAX
966879,82,CYANIDE,TOTAL RECOVERABLE,UG/L,NA,AWC,22,ACUTE,MAX
966879,82,CYANIDE,TOTAL RECOVERABLE,UG/L,NA,AWC,5.2,CHRONIC,MAX
966879,82,CYANIDE,TOTAL RECOVERABLE,UG/L,NA,AWW,41,ACUTE,MAX
966879,82,CYANIDE,TOTAL RECOVERABLE,UG/L,NA,AWW,9.7,CHRONIC,MAX
966879,82,CYANIDE,TOTAL RECOVERABLE,UG/L,NA,AWEDW,41,ACUTE,MAX
966879,82,CYANIDE,TOTAL RECOVERABLE,UG/L,NA,AWEDW,9.7,CHRONIC,MAX
966879,82,CYANIDE,TOTAL RECOVERABLE,UG/L,NA,AWE,84,ACUTE,MAX
966879,82,CYANIDE,TOTAL RECOVERABLE,UG/L,NA,AGL,200,NA,MAX
75-99-0,83,DALAPON,TOTAL RECOVERABLE,UG/L,NA,DWS,200,NA,MAX
75-99-0,83,DALAPON,TOTAL RECOVERABLE,UG/L,NA,FC,8000,NA,MAX
75-99-0,83,DALAPON,TOTAL RECOVERABLE,UG/L,NA,FBC,28000,NA,MAX
75-99-0,83,DALAPON,TOTAL RECOVERABLE,UG/L,NA,PBC,28000,NA,MAX
NA,84,DI(2-ETHYLHEXYL) ADIPATE,NA,UG/L,NA,DWS,400,NA,MAX
NA,84,DI(2-ETHYLHEXYL) ADIPATE,NA,UG/L,NA,FBC,560000,NA,MAX
NA,84,DI(2-ETHYLHEXYL) ADIPATE,NA,UG/L,NA,PBC,560000,NA,MAX
NA,85,DI(2-ETHYLHEXYL) PHTHALATE,NA,UG/L,NA,DWS,6,NA,MAX
NA,85,DI(2-ETHYLHEXYL) PHTHALATE,NA,UG/L,NA,FC,3,NA,MAX
NA,85,DI(2-ETHYLHEXYL) PHTHALATE,NA,UG/L,NA,FBC,100,NA,MAX
NA,85,DI(2-ETHYLHEXYL) PHTHALATE,NA,UG/L,NA,PBC,18667,NA,MAX
NA,85,DI(2-ETHYLHEXYL) PHTHALATE,NA,UG/L,NA,AWC,400,ACUTE,MAX
NA,85,DI(2-ETHYLHEXYL) PHTHALATE,NA,UG/L,NA,AWC,360,CHRONIC,MAX
NA,85,DI(2-ETHYLHEXYL) PHTHALATE,NA,UG/L,NA,AWW,400,ACUTE,MAX
NA,85,DI(2-ETHYLHEXYL) PHTHALATE,NA,UG/L,NA,AWW,360,CHRONIC,MAX
NA,85,DI(2-ETHYLHEXYL) PHTHALATE,NA,UG/L,NA,AWEDW,400,ACUTE,MAX
NA,85,DI(2-ETHYLHEXYL) PHTHALATE,NA,UG/L,NA,AWEDW,360,CHRONIC,MAX
NA,85,DI(2-ETHYLHEXYL) PHTHALATE,NA,UG/L,NA,AWE,3100,ACUTE,MAX
117-84-0,86,DI-N-OCTYL PHTHALATE,NA,UG/L,NA,DWS,2800,NA,MAX
117-84-0,86,DI-N-OCTYL PHTHALATE,NA,UG/L,NA,FBC,373333,NA,MAX
117-84-0,86,DI-N-OCTYL PHTHALATE,NA,UG/L,NA,PBC,373333,NA,MAX
NA,87,"DIBENZ[A,H]ANTHRACENE",NA,UG/L,NA,DWS,0.005,NA,MAX
NA,87,"DIBENZ[A,H]ANTHRACENE",NA,UG/L,NA,FC,0.02,NA,MAX
NA,87,"DIBENZ[A,H]ANTHRACENE",NA,UG/L,NA,FBC,1.9,NA,MAX
NA,87,"DIBENZ[A,H]ANTHRACENE",NA,UG/L,NA,PBC,1.9,NA,MAX
84-74-2,88,DIBUTYL PHTHALATE,NA,UG/L,NA,DWS,700,NA,MAX
84-74-2,88,DIBUTYL PHTHALATE,NA,UG/L,NA,FC,899,NA,MAX
84-74-2,88,DIBUTYL PHTHALATE,NA,UG/L,NA,FBC,93333,NA,MAX
84-74-2,88,DIBUTYL PHTHALATE,NA,UG/L,NA,PBC,93333,NA,MAX
84-74-2,88,DIBUTYL PHTHALATE,NA,UG/L,NA,AWC,470,ACUTE,MAX
84-74-2,88,DIBUTYL PHTHALATE,NA,UG/L,NA,AWC,35,CHRONIC,MAX
84-74-2,88,DIBUTYL PHTHALATE,NA,UG/L,NA,AWW,470,ACUTE,MAX
84-74-2,88,DIBUTYL PHTHALATE,NA,UG/L,NA,AWW,35,CHRONIC,MAX
84-74-2,88,DIBUTYL PHTHALATE,NA,UG/L,NA,AWEDW,470,ACUTE,MAX
84-74-2,88,DIBUTYL PHTHALATE,NA,UG/L,NA,AWEDW,35,CHRONIC,MAX
84-74-2,88,DIBUTYL PHTHALATE,NA,UG/L,NA,AWE,1100,ACUTE,MAX
75-27-4,89,DICHLOROBROMOMETHANE,TOTAL RECOVERABLE,UG/L,BROMODICHLOROMETHANE,FC,17,NA,MAX
75-27-4,89,DICHLOROBROMOMETHANE,TOTAL RECOVERABLE,UG/L,BROMODICHLOROMETHANE,PBC,18667,NA,MAX
60-57-1,90,DIELDRIN,NA,UG/L,NA,DWS,0.002,NA,MAX
60-57-1,90,DIELDRIN,NA,UG/L,NA,FC,5e-5,NA,MAX
60-57-1,90,DIELDRIN,NA,UG/L,NA,FBC,0.09,NA,MAX
60-57-1,90,DIELDRIN,NA,UG/L,NA,PBC,47,NA,MAX
60-57-1,90,DIELDRIN,NA,UG/L,NA,AWC,0.2,ACUTE,MAX
60-57-1,90,DIELDRIN,NA,UG/L,NA,AWC,0.06,CHRONIC,MAX
60-57-1,90,DIELDRIN,NA,UG/L,NA,AWW,0.2,ACUTE,MAX
60-57-1,90,DIELDRIN,NA,UG/L,NA,AWW,0.06,CHRONIC,MAX
60-57-1,90,DIELDRIN,NA,UG/L,NA,AWEDW,0.2,ACUTE,MAX
60-57-1,90,DIELDRIN,NA,UG/L,NA,AWEDW,0.06,CHRONIC,MAX
60-57-1,90,DIELDRIN,NA,UG/L,NA,AWE,4,ACUTE,MAX
60-57-1,90,DIELDRIN,NA,UG/L,NA,AGI,0.003,NA,MAX
84-66-2,91,DIETHYL PHTHALATE,NA,UG/L,NA,DWS,5600,NA,MAX
84-66-2,91,DIETHYL PHTHALATE,NA,UG/L,NA,FC,8767,NA,MAX
84-66-2,91,DIETHYL PHTHALATE,NA,UG/L,NA,FBC,746667,NA,MAX
84-66-2,91,DIETHYL PHTHALATE,NA,UG/L,NA,PBC,746667,NA,MAX
84-66-2,91,DIETHYL PHTHALATE,NA,UG/L,NA,AWC,26000,ACUTE,MAX
84-66-2,91,DIETHYL PHTHALATE,NA,UG/L,NA,AWC,1600,CHRONIC,MAX
84-66-2,91,DIETHYL PHTHALATE,NA,UG/L,NA,AWW,26000,ACUTE,MAX
84-66-2,91,DIETHYL PHTHALATE,NA,UG/L,NA,AWW,1600,CHRONIC,MAX
84-66-2,91,DIETHYL PHTHALATE,NA,UG/L,NA,AWEDW,26000,ACUTE,MAX
84-66-2,91,DIETHYL PHTHALATE,NA,UG/L,NA,AWEDW,1600,CHRONIC,MAX
131-11-3,92,DIMETHYL PHTHALATE,NA,UG/L,NA,AWC,17000,ACUTE,MAX
131-11-3,92,DIMETHYL PHTHALATE,NA,UG/L,NA,AWC,1000,CHRONIC,MAX
131-11-3,92,DIMETHYL PHTHALATE,NA,UG/L,NA,AWW,17000,ACUTE,MAX
131-11-3,92,DIMETHYL PHTHALATE,NA,UG/L,NA,AWW,1000,CHRONIC,MAX
131-11-3,92,DIMETHYL PHTHALATE,NA,UG/L,NA,AWEDW,17000,ACUTE,MAX
131-11-3,92,DIMETHYL PHTHALATE,NA,UG/L,NA,AWEDW,1000,CHRONIC,MAX
88-85-7,93,DINOSEB,NA,UG/L,NA,DWS,7,NA,MAX
88-85-7,93,DINOSEB,NA,UG/L,NA,FBC,933,NA,MAX
88-85-7,93,DINOSEB,NA,UG/L,NA,PBC,933,NA,MAX
NA,94,DIQUAT,NA,UG/L,NA,DWS,20,NA,MAX
NA,94,DIQUAT,NA,UG/L,NA,FBC,2053,NA,MAX
NA,94,DIQUAT,NA,UG/L,NA,PBC,2053,NA,MAX
1736457,95,DISSOLVED OXYGEN (DO),DISSOLVED,MG/L,NA,AWC,7,ACUTE,MIN
1736457,95,DISSOLVED OXYGEN (DO),DISSOLVED,MG/L,NA,AWEDW,3,ACUTE,MIN
1736457,95,DISSOLVED OXYGEN (DO),DISSOLVED,MG/L,NA,AWW,6,ACUTE,MIN
1031-07-8,96,ENDOSULFAN SULFATE,NA,UG/L,NA,DWS,42,NA,MAX
1031-07-8,96,ENDOSULFAN SULFATE,NA,UG/L,NA,FC,18,NA,MAX
1031-07-8,96,ENDOSULFAN SULFATE,NA,UG/L,NA,FBC,5600,NA,MAX
1031-07-8,96,ENDOSULFAN SULFATE,NA,UG/L,NA,PBC,5600,NA,MAX
1031-07-8,96,ENDOSULFAN SULFATE,NA,UG/L,NA,AWC,0.2,ACUTE,MAX
1031-07-8,96,ENDOSULFAN SULFATE,NA,UG/L,NA,AWC,0.06,CHRONIC,MAX
1031-07-8,96,ENDOSULFAN SULFATE,NA,UG/L,NA,AWW,0.2,ACUTE,MAX
1031-07-8,96,ENDOSULFAN SULFATE,NA,UG/L,NA,AWW,0.06,CHRONIC,MAX
1031-07-8,96,ENDOSULFAN SULFATE,NA,UG/L,NA,AWEDW,0.2,ACUTE,MAX
1031-07-8,96,ENDOSULFAN SULFATE,NA,UG/L,NA,AWEDW,0.06,CHRONIC,MAX
1031-07-8,96,ENDOSULFAN SULFATE,NA,UG/L,NA,AWE,3,ACUTE,MAX
NA,97,ENDOTHALL,NA,UG/L,NA,DWS,100,NA,MAX
NA,97,ENDOTHALL,NA,UG/L,NA,FBC,18667,NA,MAX
NA,97,ENDOTHALL,NA,UG/L,NA,PBC,18667,NA,MAX
72-20-8,98,ENDRIN,NA,UG/L,NA,DWS,2,NA,MAX
72-20-8,98,ENDRIN,NA,UG/L,NA,FC,0.06,NA,MAX
72-20-8,98,ENDRIN,NA,UG/L,NA,FBC,280,NA,MAX
72-20-8,98,ENDRIN,NA,UG/L,NA,PBC,280,NA,MAX
72-20-8,98,ENDRIN,NA,UG/L,NA,AWC,0.09,ACUTE,MAX
72-20-8,98,ENDRIN,NA,UG/L,NA,AWC,0.04,CHRONIC,MAX
72-20-8,98,ENDRIN,NA,UG/L,NA,AWW,0.09,ACUTE,MAX
72-20-8,98,ENDRIN,NA,UG/L,NA,AWW,0.04,CHRONIC,MAX
72-20-8,98,ENDRIN,NA,UG/L,NA,AWEDW,0.09,ACUTE,MAX
72-20-8,98,ENDRIN,NA,UG/L,NA,AWEDW,0.04,CHRONIC,MAX
72-20-8,98,ENDRIN,NA,UG/L,NA,AWE,0.7,ACUTE,MAX
72-20-8,98,ENDRIN,NA,UG/L,NA,AGI,0.004,NA,MAX
72-20-8,98,ENDRIN,NA,UG/L,NA,AGL,0.004,NA,MAX
7421-93-4,99,ENDRIN ALDEHYDE,NA,UG/L,NA,AWC,0.09,ACUTE,MAX
7421-93-4,99,ENDRIN ALDEHYDE,NA,UG/L,NA,AWC,0.04,CHRONIC,MAX
7421-93-4,99,ENDRIN ALDEHYDE,NA,UG/L,NA,AWW,0.09,ACUTE,MAX
7421-93-4,99,ENDRIN ALDEHYDE,NA,UG/L,NA,AWW,0.04,CHRONIC,MAX
7421-93-4,99,ENDRIN ALDEHYDE,NA,UG/L,NA,AWEDW,0.09,ACUTE,MAX
7421-93-4,99,ENDRIN ALDEHYDE,NA,UG/L,NA,AWEDW,0.04,CHRONIC,MAX
7421-93-4,99,ENDRIN ALDEHYDE,NA,UG/L,NA,AWE,0.7,ACUTE,MAX
68583-22-2,100,ESCHERICHIA COLI,TOTAL RECOVERABLE,CFU/100ML,NA,FBC,235,NA,MAX
68583-22-2,100,ESCHERICHIA COLI,TOTAL RECOVERABLE,CFU/100ML,NA,PBC,575,NA,MAX
NA,101,ESCHERICHIA COLI,TOTAL RECOVERABLE,MPN/100ML,NA,FBC,235,NA,MAX
NA,101,ESCHERICHIA COLI,TOTAL RECOVERABLE,MPN/100ML,NA,PBC,575,NA,MAX
100-41-4,102,ETHYLBENZENE,NA,UG/L,NA,DWS,700,NA,MAX
100-41-4,102,ETHYLBENZENE,NA,UG/L,NA,FC,2133,NA,MAX
100-41-4,102,ETHYLBENZENE,NA,UG/L,NA,FBC,93333,NA,MAX
100-41-4,102,ETHYLBENZENE,NA,UG/L,NA,PBC,93333,NA,MAX
100-41-4,102,ETHYLBENZENE,NA,UG/L,NA,AWC,23000,ACUTE,MAX
100-41-4,102,ETHYLBENZENE,NA,UG/L,NA,AWC,1400,CHRONIC,MAX
100-41-4,102,ETHYLBENZENE,NA,UG/L,NA,AWW,23000,ACUTE,MAX
100-41-4,102,ETHYLBENZENE,NA,UG/L,NA,AWW,1400,CHRONIC,MAX
100-41-4,102,ETHYLBENZENE,NA,UG/L,NA,AWEDW,23000,ACUTE,MAX
100-41-4,102,ETHYLBENZENE,NA,UG/L,NA,AWEDW,1400,CHRONIC,MAX
106-93-4,103,ETHYLENE DIBROMIDE,TOTAL RECOVERABLE,UG/L,"1,2- DIBROMOETHANE",DWS,0.05,NA,MAX
106-93-4,103,ETHYLENE DIBROMIDE,TOTAL RECOVERABLE,UG/L,"1,2- DIBROMOETHANE",FBC,8400,NA,MAX
106-93-4,103,ETHYLENE DIBROMIDE,TOTAL RECOVERABLE,UG/L,"1,2- DIBROMOETHANE",PBC,8400,NA,MAX
206-44-0,104,FLUORANTHENE,NA,UG/L,NA,DWS,280,NA,MAX
206-44-0,104,FLUORANTHENE,NA,UG/L,NA,FC,28,NA,MAX
206-44-0,104,FLUORANTHENE,NA,UG/L,NA,FBC,37333,NA,MAX
206-44-0,104,FLUORANTHENE,NA,UG/L,NA,PBC,37333,NA,MAX
206-44-0,104,FLUORANTHENE,NA,UG/L,NA,AWC,2000,ACUTE,MAX
206-44-0,104,FLUORANTHENE,NA,UG/L,NA,AWC,1600,CHRONIC,MAX
206-44-0,104,FLUORANTHENE,NA,UG/L,NA,AWW,2000,ACUTE,MAX
206-44-0,104,FLUORANTHENE,NA,UG/L,NA,AWW,1600,CHRONIC,MAX
206-44-0,104,FLUORANTHENE,NA,UG/L,NA,AWEDW,2000,ACUTE,MAX
206-44-0,104,FLUORANTHENE,NA,UG/L,NA,AWEDW,1600,CHRONIC,MAX
86-73-7,105,FLUORENE,NA,UG/L,NA,DWS,280,NA,MAX
86-73-7,105,FLUORENE,NA,UG/L,NA,FC,1067,NA,MAX
86-73-7,105,FLUORENE,NA,UG/L,NA,FBC,37333,NA,MAX
86-73-7,105,FLUORENE,NA,UG/L,NA,PBC,37333,NA,MAX
16984-48-8,106,FLUORIDE,TOTAL RECOVERABLE,UG/L,NA,DWS,4000,NA,MAX
16984-48-8,106,FLUORIDE,TOTAL RECOVERABLE,UG/L,NA,FBC,140000,NA,MAX
16984-48-8,106,FLUORIDE,TOTAL RECOVERABLE,UG/L,NA,PBC,140000,NA,MAX
NA,107,GLYPHOSATE,NA,UG/L,NA,DWS,700,NA,MAX
NA,107,GLYPHOSATE,NA,UG/L,NA,FC,266667,NA,MAX
NA,107,GLYPHOSATE,NA,UG/L,NA,FBC,93333,NA,MAX
NA,107,GLYPHOSATE,NA,UG/L,NA,PBC,93333,NA,MAX
76-44-8,108,HEPTACHLOR,NA,UG/L,NA,DWS,0.4,NA,MAX
76-44-8,108,HEPTACHLOR,NA,UG/L,NA,FC,8e-5,NA,MAX
76-44-8,108,HEPTACHLOR,NA,UG/L,NA,FBC,0.4,NA,MAX
76-44-8,108,HEPTACHLOR,NA,UG/L,NA,PBC,467,NA,MAX
76-44-8,108,HEPTACHLOR,NA,UG/L,NA,AWC,0.5,ACUTE,MAX
76-44-8,108,HEPTACHLOR,NA,UG/L,NA,AWC,0.004,CHRONIC,MAX
76-44-8,108,HEPTACHLOR,NA,UG/L,NA,AWW,0.5,ACUTE,MAX
76-44-8,108,HEPTACHLOR,NA,UG/L,NA,AWW,0.004,CHRONIC,MAX
76-44-8,108,HEPTACHLOR,NA,UG/L,NA,AWEDW,0.6,ACUTE,MAX
76-44-8,108,HEPTACHLOR,NA,UG/L,NA,AWEDW,0.01,CHRONIC,MAX
76-44-8,108,HEPTACHLOR,NA,UG/L,NA,AWE,0.9,ACUTE,MAX
1024-57-3,109,HEPTACHLOR EPOXIDE,NA,UG/L,NA,DWS,0.2,NA,MAX
1024-57-3,109,HEPTACHLOR EPOXIDE,NA,UG/L,NA,FC,4e-5,NA,MAX
1024-57-3,109,HEPTACHLOR EPOXIDE,NA,UG/L,NA,FBC,0.2,NA,MAX
1024-57-3,109,HEPTACHLOR EPOXIDE,NA,UG/L,NA,PBC,12,NA,MAX
1024-57-3,109,HEPTACHLOR EPOXIDE,NA,UG/L,NA,AWC,0.5,ACUTE,MAX
1024-57-3,109,HEPTACHLOR EPOXIDE,NA,UG/L,NA,AWC,0.004,CHRONIC,MAX
1024-57-3,109,HEPTACHLOR EPOXIDE,NA,UG/L,NA,AWW,0.5,ACUTE,MAX
1024-57-3,109,HEPTACHLOR EPOXIDE,NA,UG/L,NA,AWW,0.004,CHRONIC,MAX
1024-57-3,109,HEPTACHLOR EPOXIDE,NA,UG/L,NA,AWEDW,0.6,ACUTE,MAX
1024-57-3,109,HEPTACHLOR EPOXIDE,NA,UG/L,NA,AWEDW,0.01,CHRONIC,MAX
1024-57-3,109,HEPTACHLOR EPOXIDE,NA,UG/L,NA,AWE,0.9,ACUTE,MAX
118-74-1,110,HEXACHLOROBENZENE,NA,UG/L,NA,DWS,1,NA,MAX
118-74-1,110,HEXACHLOROBENZENE,NA,UG/L,NA,FC,3e-4,NA,MAX
118-74-1,110,HEXACHLOROBENZENE,NA,UG/L,NA,FBC,1,NA,MAX
118-74-1,110,HEXACHLOROBENZENE,NA,UG/L,NA,PBC,747,NA,MAX
118-74-1,110,HEXACHLOROBENZENE,NA,UG/L,NA,AWC,6,ACUTE,MAX
118-74-1,110,HEXACHLOROBENZENE,NA,UG/L,NA,AWC,3.7,CHRONIC,MAX
118-74-1,110,HEXACHLOROBENZENE,NA,UG/L,NA,AWW,6,ACUTE,MAX
118-74-1,110,HEXACHLOROBENZENE,NA,UG/L,NA,AWW,3.7,CHRONIC,MAX
118-74-1,110,HEXACHLOROBENZENE,NA,UG/L,NA,AWEDW,6,ACUTE,MAX
118-74-1,110,HEXACHLOROBENZENE,NA,UG/L,NA,AWEDW,3.7,CHRONIC,MAX
87-68-3,111,HEXACHLOROBUTADIENE,NA,UG/L,NA,DWS,0.4,NA,MAX
87-68-3,111,HEXACHLOROBUTADIENE,NA,UG/L,NA,FC,18,NA,MAX
87-68-3,111,HEXACHLOROBUTADIENE,NA,UG/L,NA,FBC,18,NA,MAX
87-68-3,111,HEXACHLOROBUTADIENE,NA,UG/L,NA,PBC,187,NA,MAX
87-68-3,111,HEXACHLOROBUTADIENE,NA,UG/L,NA,AWC,45,ACUTE,MAX
87-68-3,111,HEXACHLOROBUTADIENE,NA,UG/L,NA,AWC,8.2,CHRONIC,MAX
87-68-3,111,HEXACHLOROBUTADIENE,NA,UG/L,NA,AWW,45,ACUTE,MAX
87-68-3,111,HEXACHLOROBUTADIENE,NA,UG/L,NA,AWW,8.2,CHRONIC,MAX
87-68-3,111,HEXACHLOROBUTADIENE,NA,UG/L,NA,AWEDW,45,ACUTE,MAX
87-68-3,111,HEXACHLOROBUTADIENE,NA,UG/L,NA,AWEDW,8.2,CHRONIC,MAX
77-47-4,112,HEXACHLOROCYCLOPENTADIENE,NA,UG/L,NA,DWS,50,NA,MAX
77-47-4,112,HEXACHLOROCYCLOPENTADIENE,NA,UG/L,NA,FC,74,NA,MAX
77-47-4,112,HEXACHLOROCYCLOPENTADIENE,NA,UG/L,NA,FBC,11200,NA,MAX
77-47-4,112,HEXACHLOROCYCLOPENTADIENE,NA,UG/L,NA,PBC,11200,NA,MAX
77-47-4,112,HEXACHLOROCYCLOPENTADIENE,NA,UG/L,NA,AWC,3.5,ACUTE,MAX
77-47-4,112,HEXACHLOROCYCLOPENTADIENE,NA,UG/L,NA,AWC,0.3,CHRONIC,MAX
77-47-4,112,HEXACHLOROCYCLOPENTADIENE,NA,UG/L,NA,AWW,3.5,ACUTE,MAX
77-47-4,112,HEXACHLOROCYCLOPENTADIENE,NA,UG/L,NA,AWW,0.3,CHRONIC,MAX
77-47-4,112,HEXACHLOROCYCLOPENTADIENE,NA,UG/L,NA,AWEDW,3.5,ACUTE,MAX
77-47-4,112,HEXACHLOROCYCLOPENTADIENE,NA,UG/L,NA,AWEDW,0.3,CHRONIC,MAX
67-72-1,113,HEXACHLOROETHANE,NA,UG/L,NA,DWS,2.5,NA,MAX
67-72-1,113,HEXACHLOROETHANE,NA,UG/L,NA,FC,3.3,NA,MAX
67-72-1,113,HEXACHLOROETHANE,NA,UG/L,NA,FBC,100,NA,MAX
67-72-1,113,HEXACHLOROETHANE,NA,UG/L,NA,PBC,933,NA,MAX
67-72-1,113,HEXACHLOROETHANE,NA,UG/L,NA,AWC,490,ACUTE,MAX
67-72-1,113,HEXACHLOROETHANE,NA,UG/L,NA,AWC,350,CHRONIC,MAX
67-72-1,113,HEXACHLOROETHANE,NA,UG/L,NA,AWW,490,ACUTE,MAX
67-72-1,113,HEXACHLOROETHANE,NA,UG/L,NA,AWW,350,CHRONIC,MAX
67-72-1,113,HEXACHLOROETHANE,NA,UG/L,NA,AWEDW,490,ACUTE,MAX
67-72-1,113,HEXACHLOROETHANE,NA,UG/L,NA,AWEDW,350,CHRONIC,MAX
67-72-1,113,HEXACHLOROETHANE,NA,UG/L,NA,AWE,850,ACUTE,MAX
NA,114,HYDROGEN SULFIDE,NA,UG/L,NA,AWC,2,CHRONIC,MAX
NA,114,HYDROGEN SULFIDE,NA,UG/L,NA,AWW,2,CHRONIC,MAX
NA,114,HYDROGEN SULFIDE,NA,UG/L,NA,AWEDW,2,CHRONIC,MAX
193-39-5,115,"INDENO[1,2,3-CD]PYRENE",NA,UG/L,NA,DWS,0.05,NA,MAX
193-39-5,115,"INDENO[1,2,3-CD]PYRENE",NA,UG/L,NA,FC,0.49,NA,MAX
193-39-5,115,"INDENO[1,2,3-CD]PYRENE",NA,UG/L,NA,FBC,1.9,NA,MAX
193-39-5,115,"INDENO[1,2,3-CD]PYRENE",NA,UG/L,NA,PBC,1.9,NA,MAX
7439-89-6,116,IRON,DISSOLVED,UG/L,NA,AWC,1000,CHRONIC,MAX
7439-89-6,116,IRON,DISSOLVED,UG/L,NA,AWW,1000,CHRONIC,MAX
7439-89-6,116,IRON,DISSOLVED,UG/L,NA,AWEDW,1000,CHRONIC,MAX
78-59-1,117,ISOPHORONE,NA,UG/L,NA,DWS,37,NA,MAX
78-59-1,117,ISOPHORONE,NA,UG/L,NA,FC,961,NA,MAX
78-59-1,117,ISOPHORONE,NA,UG/L,NA,FBC,1500,NA,MAX
78-59-1,117,ISOPHORONE,NA,UG/L,NA,PBC,186667,NA,MAX
78-59-1,117,ISOPHORONE,NA,UG/L,NA,AWC,59000,ACUTE,MAX
78-59-1,117,ISOPHORONE,NA,UG/L,NA,AWC,43000,CHRONIC,MAX
78-59-1,117,ISOPHORONE,NA,UG/L,NA,AWW,59000,ACUTE,MAX
78-59-1,117,ISOPHORONE,NA,UG/L,NA,AWW,43000,CHRONIC,MAX
78-59-1,117,ISOPHORONE,NA,UG/L,NA,AWEDW,59000,ACUTE,MAX
78-59-1,117,ISOPHORONE,NA,UG/L,NA,AWEDW,43000,CHRONIC,MAX
7439-92-1,119,LEAD,TOTAL RECOVERABLE,UG/L,NA,DWS,15,NA,MAX
7439-92-1,119,LEAD,TOTAL RECOVERABLE,UG/L,NA,FBC,15,NA,MAX
7439-92-1,119,LEAD,TOTAL RECOVERABLE,UG/L,NA,PBC,15,NA,MAX
7439-92-1,119,LEAD,TOTAL RECOVERABLE,UG/L,NA,AGI,10000,NA,MAX
7439-92-1,119,LEAD,TOTAL RECOVERABLE,UG/L,NA,AGL,100,NA,MAX
58-89-9,120,LINDANE,DISSOLVED,UG/L,HEXACHLOROCYCLOHEXANE GAMMA (LINDANE),DWS,0.2,NA,MAX
58-89-9,120,LINDANE,DISSOLVED,UG/L,HEXACHLOROCYCLOHEXANE GAMMA (LINDANE),FC,1.8,NA,MAX
58-89-9,120,LINDANE,DISSOLVED,UG/L,HEXACHLOROCYCLOHEXANE GAMMA (LINDANE),FBC,280,NA,MAX
58-89-9,120,LINDANE,DISSOLVED,UG/L,HEXACHLOROCYCLOHEXANE GAMMA (LINDANE),PBC,280,NA,MAX
58-89-9,120,LINDANE,DISSOLVED,UG/L,HEXACHLOROCYCLOHEXANE GAMMA (LINDANE),AWC,1,ACUTE,MAX
58-89-9,120,LINDANE,DISSOLVED,UG/L,HEXACHLOROCYCLOHEXANE GAMMA (LINDANE),AWC,0.08,CHRONIC,MAX
58-89-9,120,LINDANE,DISSOLVED,UG/L,HEXACHLOROCYCLOHEXANE GAMMA (LINDANE),AWW,1,ACUTE,MAX
58-89-9,120,LINDANE,DISSOLVED,UG/L,HEXACHLOROCYCLOHEXANE GAMMA (LINDANE),AWW,0.28,CHRONIC,MAX
58-89-9,120,LINDANE,DISSOLVED,UG/L,HEXACHLOROCYCLOHEXANE GAMMA (LINDANE),AWEDW,1,ACUTE,MAX
58-89-9,120,LINDANE,DISSOLVED,UG/L,HEXACHLOROCYCLOHEXANE GAMMA (LINDANE),AWEDW,0.61,CHRONIC,MAX
58-89-9,120,LINDANE,DISSOLVED,UG/L,HEXACHLOROCYCLOHEXANE GAMMA (LINDANE),AWE,11,ACUTE,MAX
541-73-1,123,M-DICHLOROBENZENE,TOTAL RECOVERABLE,UG/L,"1,3-DICHLOROBENZENE",AWC,2500,ACUTE,MAX
541-73-1,123,M-DICHLOROBENZENE,TOTAL RECOVERABLE,UG/L,"1,3-DICHLOROBENZENE",AWC,970,CHRONIC,MAX
541-73-1,123,M-DICHLOROBENZENE,TOTAL RECOVERABLE,UG/L,"1,3-DICHLOROBENZENE",AWW,2500,ACUTE,MAX
541-73-1,123,M-DICHLOROBENZENE,TOTAL RECOVERABLE,UG/L,"1,3-DICHLOROBENZENE",AWW,970,CHRONIC,MAX
541-73-1,123,M-DICHLOROBENZENE,TOTAL RECOVERABLE,UG/L,"1,3-DICHLOROBENZENE",AWEDW,2500,ACUTE,MAX
541-73-1,123,M-DICHLOROBENZENE,TOTAL RECOVERABLE,UG/L,"1,3-DICHLOROBENZENE",AWEDW,970,CHRONIC,MAX
121-75-5,124,MALATHION,NA,UG/L,NA,DWS,140,NA,MAX
121-75-5,124,MALATHION,NA,UG/L,NA,FBC,18667,NA,MAX
121-75-5,124,MALATHION,NA,UG/L,NA,PBC,18667,NA,MAX
121-75-5,124,MALATHION,NA,UG/L,NA,AWC,0.1,CHRONIC,MAX
121-75-5,124,MALATHION,NA,UG/L,NA,AWW,0.1,CHRONIC,MAX
121-75-5,124,MALATHION,NA,UG/L,NA,AWEDW,0.1,CHRONIC,MAX
7439-96-5,125,MANGANESE,NA,UG/L,NA,DWS,980,NA,MAX
7439-96-5,125,MANGANESE,NA,UG/L,NA,FBC,130667,NA,MAX
7439-96-5,125,MANGANESE,NA,UG/L,NA,PBC,130667,NA,MAX
7439-96-5,125,MANGANESE,NA,UG/L,NA,AGI,10000,NA,MAX
7439-97-6,126,MERCURY,DISSOLVED,UG/L,NA,AWC,2.4,ACUTE,MAX
7439-97-6,126,MERCURY,DISSOLVED,UG/L,NA,AWC,0.01,CHRONIC,MAX
7439-97-6,126,MERCURY,DISSOLVED,UG/L,NA,AWW,2.4,ACUTE,MAX
7439-97-6,126,MERCURY,DISSOLVED,UG/L,NA,AWW,0.01,CHRONIC,MAX
7439-97-6,126,MERCURY,DISSOLVED,UG/L,NA,AWEDW,2.4,ACUTE,MAX
7439-97-6,126,MERCURY,DISSOLVED,UG/L,NA,AWEDW,0.01,CHRONIC,MAX
7439-97-6,126,MERCURY,DISSOLVED,UG/L,NA,AWE,5,ACUTE,MAX
7439-97-6,127,MERCURY,TOTAL RECOVERABLE,UG/L,NA,DWS,2,NA,MAX
7439-97-6,127,MERCURY,TOTAL RECOVERABLE,UG/L,NA,FBC,280,NA,MAX
7439-97-6,127,MERCURY,TOTAL RECOVERABLE,UG/L,NA,PBC,280,NA,MAX
7439-97-6,127,MERCURY,TOTAL RECOVERABLE,UG/L,NA,AGL,10,NA,MAX
72-43-5,129,METHOXYCHLOR,NA,UG/L,NA,DWS,40,NA,MAX
72-43-5,129,METHOXYCHLOR,NA,UG/L,NA,FBC,4667,NA,MAX
72-43-5,129,METHOXYCHLOR,NA,UG/L,NA,PBC,4667,NA,MAX
72-43-5,129,METHOXYCHLOR,NA,UG/L,NA,AWC,0.03,CHRONIC,MAX
72-43-5,129,METHOXYCHLOR,NA,UG/L,NA,AWW,0.03,CHRONIC,MAX
72-43-5,129,METHOXYCHLOR,NA,UG/L,NA,AWEDW,0.03,CHRONIC,MAX
74-83-9,130,METHYL BROMIDE,TOTAL RECOVERABLE,UG/L,BROMOMETHANE,DWS,9.8,NA,MAX
74-83-9,130,METHYL BROMIDE,TOTAL RECOVERABLE,UG/L,BROMOMETHANE,FC,299,NA,MAX
74-83-9,130,METHYL BROMIDE,TOTAL RECOVERABLE,UG/L,BROMOMETHANE,FBC,1307,NA,MAX
74-83-9,130,METHYL BROMIDE,TOTAL RECOVERABLE,UG/L,BROMOMETHANE,PBC,1307,NA,MAX
74-83-9,130,METHYL BROMIDE,TOTAL RECOVERABLE,UG/L,BROMOMETHANE,AWC,5500,ACUTE,MAX
74-83-9,130,METHYL BROMIDE,TOTAL RECOVERABLE,UG/L,BROMOMETHANE,AWC,360,CHRONIC,MAX
74-83-9,130,METHYL BROMIDE,TOTAL RECOVERABLE,UG/L,BROMOMETHANE,AWW,5500,ACUTE,MAX
74-83-9,130,METHYL BROMIDE,TOTAL RECOVERABLE,UG/L,BROMOMETHANE,AWW,360,CHRONIC,MAX
74-83-9,130,METHYL BROMIDE,TOTAL RECOVERABLE,UG/L,BROMOMETHANE,AWEDW,5500,ACUTE,MAX
74-83-9,130,METHYL BROMIDE,TOTAL RECOVERABLE,UG/L,BROMOMETHANE,AWEDW,360,CHRONIC,MAX
75-09-2,131,METHYLENE CHLORIDE,TOTAL RECOVERABLE,UG/L,DICHLOROMETHANE,DWS,5,NA,MAX
75-09-2,131,METHYLENE CHLORIDE,TOTAL RECOVERABLE,UG/L,DICHLOROMETHANE,FC,593,NA,MAX
75-09-2,131,METHYLENE CHLORIDE,TOTAL RECOVERABLE,UG/L,DICHLOROMETHANE,FBC,190,NA,MAX
75-09-2,131,METHYLENE CHLORIDE,TOTAL RECOVERABLE,UG/L,DICHLOROMETHANE,PBC,56000,NA,MAX
75-09-2,131,METHYLENE CHLORIDE,TOTAL RECOVERABLE,UG/L,DICHLOROMETHANE,AWC,97000,ACUTE,MAX
75-09-2,131,METHYLENE CHLORIDE,TOTAL RECOVERABLE,UG/L,DICHLOROMETHANE,AWC,5500,CHRONIC,MAX
75-09-2,131,METHYLENE CHLORIDE,TOTAL RECOVERABLE,UG/L,DICHLOROMETHANE,AWW,97000,ACUTE,MAX
75-09-2,131,METHYLENE CHLORIDE,TOTAL RECOVERABLE,UG/L,DICHLOROMETHANE,AWW,5500,CHRONIC,MAX
75-09-2,131,METHYLENE CHLORIDE,TOTAL RECOVERABLE,UG/L,DICHLOROMETHANE,AWEDW,97000,ACUTE,MAX
75-09-2,131,METHYLENE CHLORIDE,TOTAL RECOVERABLE,UG/L,DICHLOROMETHANE,AWEDW,5500,CHRONIC,MAX
2385-85-5,132,MIREX,NA,UG/L,NA,DWS,1,NA,MAX
2385-85-5,132,MIREX,NA,UG/L,NA,FBC,187,NA,MAX
2385-85-5,132,MIREX,NA,UG/L,NA,PBC,187,NA,MAX
2385-85-5,132,MIREX,NA,UG/L,NA,AWC,0.001,CHRONIC,MAX
2385-85-5,132,MIREX,NA,UG/L,NA,AWW,0.001,CHRONIC,MAX
2385-85-5,132,MIREX,NA,UG/L,NA,AWEDW,0.001,CHRONIC,MAX
621-64-7,133,N-NITROSODI-N-PROPYLAMINE,NA,UG/L,NA,DWS,0.005,NA,MAX
621-64-7,133,N-NITROSODI-N-PROPYLAMINE,NA,UG/L,NA,FC,0.5,NA,MAX
621-64-7,133,N-NITROSODI-N-PROPYLAMINE,NA,UG/L,NA,FBC,0.2,NA,MAX
621-64-7,133,N-NITROSODI-N-PROPYLAMINE,NA,UG/L,NA,PBC,88667,NA,MAX
62-75-9,134,N-NITROSODIMETHYLAMINE,NA,UG/L,NA,DWS,0.001,NA,MAX
62-75-9,134,N-NITROSODIMETHYLAMINE,NA,UG/L,NA,FC,3,NA,MAX
62-75-9,134,N-NITROSODIMETHYLAMINE,NA,UG/L,NA,FBC,0.03,NA,MAX
62-75-9,134,N-NITROSODIMETHYLAMINE,NA,UG/L,NA,PBC,0.03,NA,MAX
86-30-6,135,N-NITROSODIPHENYLAMINE,NA,UG/L,N-NITROSODI-N-PHENYLAMINE,DWS,7.1,NA,MAX
86-30-6,135,N-NITROSODIPHENYLAMINE,NA,UG/L,N-NITROSODI-N-PHENYLAMINE,FC,6,NA,MAX
86-30-6,135,N-NITROSODIPHENYLAMINE,NA,UG/L,N-NITROSODI-N-PHENYLAMINE,FBC,290,NA,MAX
86-30-6,135,N-NITROSODIPHENYLAMINE,NA,UG/L,N-NITROSODI-N-PHENYLAMINE,PBC,290,NA,MAX
86-30-6,135,N-NITROSODIPHENYLAMINE,NA,UG/L,N-NITROSODI-N-PHENYLAMINE,AWC,2900,ACUTE,MAX
86-30-6,135,N-NITROSODIPHENYLAMINE,NA,UG/L,N-NITROSODI-N-PHENYLAMINE,AWC,200,CHRONIC,MAX
86-30-6,135,N-NITROSODIPHENYLAMINE,NA,UG/L,N-NITROSODI-N-PHENYLAMINE,AWW,2900,ACUTE,MAX
86-30-6,135,N-NITROSODIPHENYLAMINE,NA,UG/L,N-NITROSODI-N-PHENYLAMINE,AWW,200,CHRONIC,MAX
86-30-6,135,N-NITROSODIPHENYLAMINE,NA,UG/L,N-NITROSODI-N-PHENYLAMINE,AWEDW,2900,ACUTE,MAX
86-30-6,135,N-NITROSODIPHENYLAMINE,NA,UG/L,N-NITROSODI-N-PHENYLAMINE,AWEDW,200,CHRONIC,MAX
91-20-3,136,"NAPHTHALENE",NA,UG/L,NA,DWS,140,NA,MAX
91-20-3,136,"NAPHTHALENE",NA,UG/L,NA,FC,1524,NA,MAX
91-20-3,136,"NAPHTHALENE",NA,UG/L,NA,FBC,18667,NA,MAX
91-20-3,136,"NAPHTHALENE",NA,UG/L,NA,PBC,18667,NA,MAX
91-20-3,136,"NAPHTHALENE",NA,UG/L,NA,AWC,1100,ACUTE,MAX
91-20-3,136,"NAPHTHALENE",NA,UG/L,NA,AWC,210,CHRONIC,MAX
91-20-3,136,"NAPHTHALENE",NA,UG/L,NA,AWW,3200,ACUTE,MAX
91-20-3,136,"NAPHTHALENE",NA,UG/L,NA,AWW,580,CHRONIC,MAX
91-20-3,136,"NAPHTHALENE",NA,UG/L,NA,AWEDW,3200,ACUTE,MAX
91-20-3,136,"NAPHTHALENE",NA,UG/L,NA,AWEDW,580,CHRONIC,MAX
7440-02-0,138,NICKEL,TOTAL RECOVERABLE,UG/L,NA,DWS,210,NA,MAX
7440-02-0,138,NICKEL,TOTAL RECOVERABLE,UG/L,NA,FC,511,NA,MAX
7440-02-0,138,NICKEL,TOTAL RECOVERABLE,UG/L,NA,FBC,28000,NA,MAX
7440-02-0,138,NICKEL,TOTAL RECOVERABLE,UG/L,NA,PBC,28000,NA,MAX
14797-55-8,139,NITRATE,TOTAL RECOVERABLE,UG/L,NA,DWS,10000,NA,MAX
14797-55-8,139,NITRATE,TOTAL RECOVERABLE,UG/L,NA,FBC,3733333,NA,MAX
14797-55-8,139,NITRATE,TOTAL RECOVERABLE,UG/L,NA,PBC,3733333,NA,MAX
14797-65-0,140,NITRITE,TOTAL RECOVERABLE,UG/L,NA,DWS,1000,NA,MAX
14797-65-0,140,NITRITE,TOTAL RECOVERABLE,UG/L,NA,FBC,233333,NA,MAX
14797-65-0,140,NITRITE,TOTAL RECOVERABLE,UG/L,NA,PBC,233333,NA,MAX
98-95-3,141,NITROBENZENE,NA,UG/L,NA,DWS,3.5,NA,MAX
98-95-3,141,NITROBENZENE,NA,UG/L,NA,FC,138,NA,MAX
98-95-3,141,NITROBENZENE,NA,UG/L,NA,FBC,467,NA,MAX
98-95-3,141,NITROBENZENE,NA,UG/L,NA,PBC,467,NA,MAX
98-95-3,141,NITROBENZENE,NA,UG/L,NA,AWC,1300,ACUTE,MAX
98-95-3,141,NITROBENZENE,NA,UG/L,NA,AWC,850,CHRONIC,MAX
98-95-3,141,NITROBENZENE,NA,UG/L,NA,AWW,1300,ACUTE,MAX
98-95-3,141,NITROBENZENE,NA,UG/L,NA,AWW,850,CHRONIC,MAX
98-95-3,141,NITROBENZENE,NA,UG/L,NA,AWEDW,1300,ACUTE,MAX
98-95-3,141,NITROBENZENE,NA,UG/L,NA,AWEDW,850,CHRONIC,MAX
701177,142,"NITROGEN (NITRATE AND NITRITE), INORGANIC",TOTAL RECOVERABLE,UG/L,NA,DWS,10000,NA,MAX
95-57-8,143,O-CHLOROPHENOL,TOTAL RECOVERABLE,UG/L,2-CHLOROPHENOL,DWS,35,NA,MAX
95-57-8,143,O-CHLOROPHENOL,TOTAL RECOVERABLE,UG/L,2-CHLOROPHENOL,FC,30,NA,MAX
95-57-8,143,O-CHLOROPHENOL,TOTAL RECOVERABLE,UG/L,2-CHLOROPHENOL,FBC,4667,NA,MAX
95-57-8,143,O-CHLOROPHENOL,TOTAL RECOVERABLE,UG/L,2-CHLOROPHENOL,PBC,4667,NA,MAX
95-57-8,143,O-CHLOROPHENOL,TOTAL RECOVERABLE,UG/L,2-CHLOROPHENOL,AWC,2200,ACUTE,MAX
95-57-8,143,O-CHLOROPHENOL,TOTAL RECOVERABLE,UG/L,2-CHLOROPHENOL,AWC,150,CHRONIC,MAX
95-57-8,143,O-CHLOROPHENOL,TOTAL RECOVERABLE,UG/L,2-CHLOROPHENOL,AWW,2200,ACUTE,MAX
95-57-8,143,O-CHLOROPHENOL,TOTAL RECOVERABLE,UG/L,2-CHLOROPHENOL,AWW,150,CHRONIC,MAX
95-57-8,143,O-CHLOROPHENOL,TOTAL RECOVERABLE,UG/L,2-CHLOROPHENOL,AWEDW,2200,ACUTE,MAX
95-57-8,143,O-CHLOROPHENOL,TOTAL RECOVERABLE,UG/L,2-CHLOROPHENOL,AWEDW,150,CHRONIC,MAX
95-50-1,144,O-DICHLOROBENZENE,TOTAL RECOVERABLE,UG/L,"1,2-DICHLOROBENZENE",DWS,600,NA,MAX
95-50-1,144,O-DICHLOROBENZENE,TOTAL RECOVERABLE,UG/L,"1,2-DICHLOROBENZENE",FC,205,NA,MAX
95-50-1,144,O-DICHLOROBENZENE,TOTAL RECOVERABLE,UG/L,"1,2-DICHLOROBENZENE",FBC,84000,NA,MAX
95-50-1,144,O-DICHLOROBENZENE,TOTAL RECOVERABLE,UG/L,"1,2-DICHLOROBENZENE",PBC,84000,NA,MAX
95-50-1,144,O-DICHLOROBENZENE,TOTAL RECOVERABLE,UG/L,"1,2-DICHLOROBENZENE",AWC,790,ACUTE,MAX
95-50-1,144,O-DICHLOROBENZENE,TOTAL RECOVERABLE,UG/L,"1,2-DICHLOROBENZENE",AWC,300,CHRONIC,MAX
95-50-1,144,O-DICHLOROBENZENE,TOTAL RECOVERABLE,UG/L,"1,2-DICHLOROBENZENE",AWW,1200,ACUTE,MAX
95-50-1,144,O-DICHLOROBENZENE,TOTAL RECOVERABLE,UG/L,"1,2-DICHLOROBENZENE",AWW,470,CHRONIC,MAX
95-50-1,144,O-DICHLOROBENZENE,TOTAL RECOVERABLE,UG/L,"1,2-DICHLOROBENZENE",AWEDW,1200,ACUTE,MAX
95-50-1,144,O-DICHLOROBENZENE,TOTAL RECOVERABLE,UG/L,"1,2-DICHLOROBENZENE",AWEDW,470,CHRONIC,MAX
95-50-1,144,O-DICHLOROBENZENE,TOTAL RECOVERABLE,UG/L,"1,2-DICHLOROBENZENE",AWE,5900,ACUTE,MAX
23135-22-0,146,OXAMYL,NA,UG/L,NA,DWS,200,NA,MAX
23135-22-0,146,OXAMYL,NA,UG/L,NA,FBC,23333,NA,MAX
23135-22-0,146,OXAMYL,NA,UG/L,NA,PBC,23333,NA,MAX
72-54-8,147,"P,P'-DDD",NA,UG/L,NA,DWS,0.1,NA,MAX
72-54-8,147,"P,P'-DDD",NA,UG/L,NA,FC,2e-4,NA,MAX
72-54-8,147,"P,P'-DDD",NA,UG/L,NA,FBC,4,NA,MAX
72-54-8,147,"P,P'-DDD",NA,UG/L,NA,PBC,467,NA,MAX
72-54-8,147,"P,P'-DDD",NA,UG/L,NA,AWC,1.1,ACUTE,MAX
72-54-8,147,"P,P'-DDD",NA,UG/L,NA,AWC,0.001,CHRONIC,MAX
72-54-8,147,"P,P'-DDD",NA,UG/L,NA,AWW,1.1,ACUTE,MAX
72-54-8,147,"P,P'-DDD",NA,UG/L,NA,AWW,0.001,CHRONIC,MAX
72-54-8,147,"P,P'-DDD",NA,UG/L,NA,AWEDW,1.1,ACUTE,MAX
72-54-8,147,"P,P'-DDD",NA,UG/L,NA,AWEDW,0.001,CHRONIC,MAX
72-54-8,147,"P,P'-DDD",NA,UG/L,NA,AWE,1.1,ACUTE,MAX
72-54-8,147,"P,P'-DDD",NA,UG/L,NA,AGI,0.001,NA,MAX
72-54-8,147,"P,P'-DDD",NA,UG/L,NA,AGL,0.001,NA,MAX
72-55-9,148,"P,P'-DDE",NA,UG/L,NA,DWS,0.1,NA,MAX
72-55-9,148,"P,P'-DDE",NA,UG/L,NA,FC,2e-4,NA,MAX
72-55-9,148,"P,P'-DDE",NA,UG/L,NA,FBC,4,NA,MAX
72-55-9,148,"P,P'-DDE",NA,UG/L,NA,PBC,467,NA,MAX
72-55-9,148,"P,P'-DDE",NA,UG/L,NA,AWC,1.1,ACUTE,MAX
72-55-9,148,"P,P'-DDE",NA,UG/L,NA,AWC,0.001,CHRONIC,MAX
72-55-9,148,"P,P'-DDE",NA,UG/L,NA,AWW,1.1,ACUTE,MAX
72-55-9,148,"P,P'-DDE",NA,UG/L,NA,AWW,0.001,CHRONIC,MAX
72-55-9,148,"P,P'-DDE",NA,UG/L,NA,AWEDW,1.1,ACUTE,MAX
72-55-9,148,"P,P'-DDE",NA,UG/L,NA,AWEDW,0.001,CHRONIC,MAX
72-55-9,148,"P,P'-DDE",NA,UG/L,NA,AWE,1.1,ACUTE,MAX
72-55-9,148,"P,P'-DDE",NA,UG/L,NA,AGI,0.001,NA,MAX
72-55-9,148,"P,P'-DDE",NA,UG/L,NA,AGL,0.001,NA,MAX
50-29-3,149,"P,P'-DDT",NA,UG/L,"P,P'-DICHLORODIPHENYLTRI- CHLOROETHANE (DDT) AND METABOLITES (DDD) AND (DDE)",DWS,0.1,NA,MAX
50-29-3,149,"P,P'-DDT",NA,UG/L,"P,P'-DICHLORODIPHENYLTRI- CHLOROETHANE (DDT) AND METABOLITES (DDD) AND (DDE)",FC,2e-4,NA,MAX
50-29-3,149,"P,P'-DDT",NA,UG/L,"P,P'-DICHLORODIPHENYLTRI- CHLOROETHANE (DDT) AND METABOLITES (DDD) AND (DDE)",FBC,4,NA,MAX
50-29-3,149,"P,P'-DDT",NA,UG/L,"P,P'-DICHLORODIPHENYLTRI- CHLOROETHANE (DDT) AND METABOLITES (DDD) AND (DDE)",PBC,467,NA,MAX
50-29-3,149,"P,P'-DDT",NA,UG/L,"P,P'-DICHLORODIPHENYLTRI- CHLOROETHANE (DDT) AND METABOLITES (DDD) AND (DDE)",AWC,1.1,ACUTE,MAX
50-29-3,149,"P,P'-DDT",NA,UG/L,"P,P'-DICHLORODIPHENYLTRI- CHLOROETHANE (DDT) AND METABOLITES (DDD) AND (DDE)",AWC,0.001,CHRONIC,MAX
50-29-3,149,"P,P'-DDT",NA,UG/L,"P,P'-DICHLORODIPHENYLTRI- CHLOROETHANE (DDT) AND METABOLITES (DDD) AND (DDE)",AWW,1.1,ACUTE,MAX
50-29-3,149,"P,P'-DDT",NA,UG/L,"P,P'-DICHLORODIPHENYLTRI- CHLOROETHANE (DDT) AND METABOLITES (DDD) AND (DDE)",AWW,0.001,CHRONIC,MAX
50-29-3,149,"P,P'-DDT",NA,UG/L,"P,P'-DICHLORODIPHENYLTRI- CHLOROETHANE (DDT) AND METABOLITES (DDD) AND (DDE)",AWEDW,1.1,ACUTE,MAX
50-29-3,149,"P,P'-DDT",NA,UG/L,"P,P'-DICHLORODIPHENYLTRI- CHLOROETHANE (DDT) AND METABOLITES (DDD) AND (DDE)",AWEDW,0.001,CHRONIC,MAX
50-29-3,149,"P,P'-DDT",NA,UG/L,"P,P'-DICHLORODIPHENYLTRI- CHLOROETHANE (DDT) AND METABOLITES (DDD) AND (DDE)",AWE,1.1,ACUTE,MAX
50-29-3,149,"P,P'-DDT",NA,UG/L,"P,P'-DICHLORODIPHENYLTRI- CHLOROETHANE (DDT) AND METABOLITES (DDD) AND (DDE)",AGI,0.001,NA,MAX
50-29-3,149,"P,P'-DDT",NA,UG/L,"P,P'-DICHLORODIPHENYLTRI- CHLOROETHANE (DDT) AND METABOLITES (DDD) AND (DDE)",AGL,0.001,NA,MAX
101-55-3,150,P-BROMOPHENYL PHENYL ETHER,TOTAL RECOVERABLE,UG/L,P-BROMODIPHENYL ETHER,AWC,180,ACUTE,MAX
101-55-3,150,P-BROMOPHENYL PHENYL ETHER,TOTAL RECOVERABLE,UG/L,P-BROMODIPHENYL ETHER,AWC,14,CHRONIC,MAX
101-55-3,150,P-BROMOPHENYL PHENYL ETHER,TOTAL RECOVERABLE,UG/L,P-BROMODIPHENYL ETHER,AWW,180,ACUTE,MAX
101-55-3,150,P-BROMOPHENYL PHENYL ETHER,TOTAL RECOVERABLE,UG/L,P-BROMODIPHENYL ETHER,AWW,14,CHRONIC,MAX
101-55-3,150,P-BROMOPHENYL PHENYL ETHER,TOTAL RECOVERABLE,UG/L,P-BROMODIPHENYL ETHER,AWEDW,180,ACUTE,MAX
101-55-3,150,P-BROMOPHENYL PHENYL ETHER,TOTAL RECOVERABLE,UG/L,P-BROMODIPHENYL ETHER,AWEDW,14,CHRONIC,MAX
59-50-7,151,P-CHLORO-M-CRESOL,TOTAL RECOVERABLE,UG/L,NA,AWC,15,ACUTE,MAX
59-50-7,151,P-CHLORO-M-CRESOL,TOTAL RECOVERABLE,UG/L,NA,AWC,4.7,CHRONIC,MAX
59-50-7,151,P-CHLORO-M-CRESOL,TOTAL RECOVERABLE,UG/L,NA,AWW,15,ACUTE,MAX
59-50-7,151,P-CHLORO-M-CRESOL,TOTAL RECOVERABLE,UG/L,NA,AWW,4.7,CHRONIC,MAX
59-50-7,151,P-CHLORO-M-CRESOL,TOTAL RECOVERABLE,UG/L,NA,AWEDW,15,ACUTE,MAX
59-50-7,151,P-CHLORO-M-CRESOL,TOTAL RECOVERABLE,UG/L,NA,AWEDW,4.7,CHRONIC,MAX
59-50-7,151,P-CHLORO-M-CRESOL,TOTAL RECOVERABLE,UG/L,NA,AWE,48000,ACUTE,MAX
106-46-7,152,P-DICHLOROBENZENE,TOTAL RECOVERABLE,UG/L,"1,4-DICHLOROBENZENE",DWS,75,NA,MAX
106-46-7,152,P-DICHLOROBENZENE,TOTAL RECOVERABLE,UG/L,"1,4-DICHLOROBENZENE",FC,5755,NA,MAX
106-46-7,152,P-DICHLOROBENZENE,TOTAL RECOVERABLE,UG/L,"1,4-DICHLOROBENZENE",FBC,373333,NA,MAX
106-46-7,152,P-DICHLOROBENZENE,TOTAL RECOVERABLE,UG/L,"1,4-DICHLOROBENZENE",PBC,373333,NA,MAX
106-46-7,152,P-DICHLOROBENZENE,TOTAL RECOVERABLE,UG/L,"1,4-DICHLOROBENZENE",AWC,560,ACUTE,MAX
106-46-7,152,P-DICHLOROBENZENE,TOTAL RECOVERABLE,UG/L,"1,4-DICHLOROBENZENE",AWC,210,CHRONIC,MAX
106-46-7,152,P-DICHLOROBENZENE,TOTAL RECOVERABLE,UG/L,"1,4-DICHLOROBENZENE",AWW,2000,ACUTE,MAX
106-46-7,152,P-DICHLOROBENZENE,TOTAL RECOVERABLE,UG/L,"1,4-DICHLOROBENZENE",AWW,780,CHRONIC,MAX
106-46-7,152,P-DICHLOROBENZENE,TOTAL RECOVERABLE,UG/L,"1,4-DICHLOROBENZENE",AWEDW,2000,ACUTE,MAX
106-46-7,152,P-DICHLOROBENZENE,TOTAL RECOVERABLE,UG/L,"1,4-DICHLOROBENZENE",AWEDW,780,CHRONIC,MAX
106-46-7,152,P-DICHLOROBENZENE,TOTAL RECOVERABLE,UG/L,"1,4-DICHLOROBENZENE",AWE,6500,ACUTE,MAX
100-02-7,153,P-NITROPHENOL,NA,UG/L,NA,AWC,4100,ACUTE,MAX
100-02-7,153,P-NITROPHENOL,NA,UG/L,NA,AWC,3000,CHRONIC,MAX
100-02-7,153,P-NITROPHENOL,NA,UG/L,NA,AWW,4100,ACUTE,MAX
100-02-7,153,P-NITROPHENOL,NA,UG/L,NA,AWW,3000,CHRONIC,MAX
100-02-7,153,P-NITROPHENOL,NA,UG/L,NA,AWEDW,4100,ACUTE,MAX
100-02-7,153,P-NITROPHENOL,NA,UG/L,NA,AWEDW,3000,CHRONIC,MAX
NA,154,PARAQUAT,NA,UG/L,NA,DWS,32,NA,MAX
NA,154,PARAQUAT,NA,UG/L,NA,FBC,4200,NA,MAX
NA,154,PARAQUAT,NA,UG/L,NA,PBC,4200,NA,MAX
NA,154,PARAQUAT,NA,UG/L,NA,AWC,100,ACUTE,MAX
NA,154,PARAQUAT,NA,UG/L,NA,AWC,54,CHRONIC,MAX
NA,154,PARAQUAT,NA,UG/L,NA,AWW,100,ACUTE,MAX
NA,154,PARAQUAT,NA,UG/L,NA,AWW,54,CHRONIC,MAX
NA,154,PARAQUAT,NA,UG/L,NA,AWEDW,100,ACUTE,MAX
NA,154,PARAQUAT,NA,UG/L,NA,AWEDW,54,CHRONIC,MAX
56-38-2,155,PARATHION,NA,UG/L,NA,AWC,0.07,ACUTE,MAX
56-38-2,155,PARATHION,NA,UG/L,NA,AWC,0.01,CHRONIC,MAX
56-38-2,155,PARATHION,NA,UG/L,NA,AWW,0.07,ACUTE,MAX
56-38-2,155,PARATHION,NA,UG/L,NA,AWW,0.01,CHRONIC,MAX
56-38-2,155,PARATHION,NA,UG/L,NA,AWEDW,0.07,ACUTE,MAX
56-38-2,155,PARATHION,NA,UG/L,NA,AWEDW,0.01,CHRONIC,MAX
1336-36-3,156,PCBS,NA,UG/L,POLYCHLORINATED BIPHENYLS,DWS,0.5,NA,MAX
1336-36-3,156,PCBS,NA,UG/L,POLYCHLORINATED BIPHENYLS,FC,6e-5,NA,MAX
1336-36-3,156,PCBS,NA,UG/L,POLYCHLORINATED BIPHENYLS,FBC,19,NA,MAX
1336-36-3,156,PCBS,NA,UG/L,POLYCHLORINATED BIPHENYLS,PBC,19,NA,MAX
1336-36-3,156,PCBS,NA,UG/L,POLYCHLORINATED BIPHENYLS,AWC,2,ACUTE,MAX
1336-36-3,156,PCBS,NA,UG/L,POLYCHLORINATED BIPHENYLS,AWC,0.01,CHRONIC,MAX
1336-36-3,156,PCBS,NA,UG/L,POLYCHLORINATED BIPHENYLS,AWW,2,ACUTE,MAX
1336-36-3,156,PCBS,NA,UG/L,POLYCHLORINATED BIPHENYLS,AWW,0.02,CHRONIC,MAX
1336-36-3,156,PCBS,NA,UG/L,POLYCHLORINATED BIPHENYLS,AWEDW,2,ACUTE,MAX
1336-36-3,156,PCBS,NA,UG/L,POLYCHLORINATED BIPHENYLS,AWEDW,0.02,CHRONIC,MAX
1336-36-3,156,PCBS,NA,UG/L,POLYCHLORINATED BIPHENYLS,AWE,11,ACUTE,MAX
1336-36-3,156,PCBS,NA,UG/L,POLYCHLORINATED BIPHENYLS,AGI,0.001,NA,MAX
1336-36-3,156,PCBS,NA,UG/L,POLYCHLORINATED BIPHENYLS,AGL,0.001,NA,MAX
87-86-5,157,PENTACHLOROPHENOL,NA,UG/L,NA,DWS,1,NA,MAX
87-86-5,157,PENTACHLOROPHENOL,NA,UG/L,NA,FC,370,NA,MAX
87-86-5,157,PENTACHLOROPHENOL,NA,UG/L,NA,FBC,12,NA,MAX
87-86-5,157,PENTACHLOROPHENOL,NA,UG/L,NA,PBC,28000,NA,MAX
52645-53-1,158,PERMETHRIN,NA,UG/L,NA,DWS,350,NA,MAX
52645-53-1,158,PERMETHRIN,NA,UG/L,NA,FBC,46667,NA,MAX
52645-53-1,158,PERMETHRIN,NA,UG/L,NA,PBC,46667,NA,MAX
52645-53-1,158,PERMETHRIN,NA,UG/L,NA,AWC,0.3,ACUTE,MAX
52645-53-1,158,PERMETHRIN,NA,UG/L,NA,AWC,0.2,CHRONIC,MAX
52645-53-1,158,PERMETHRIN,NA,UG/L,NA,AWW,0.3,ACUTE,MAX
52645-53-1,158,PERMETHRIN,NA,UG/L,NA,AWW,0.2,CHRONIC,MAX
52645-53-1,158,PERMETHRIN,NA,UG/L,NA,AWEDW,0.3,ACUTE,MAX
52645-53-1,158,PERMETHRIN,NA,UG/L,NA,AWEDW,0.2,CHRONIC,MAX
1644285,159,PH,NA,SU,NA,DWS,9,NA,MAX
1644285,159,PH,NA,SU,NA,FBC,9,NA,MAX
1644285,159,PH,NA,SU,NA,PBC,9,NA,MAX
1644285,159,PH,NA,SU,NA,AWC,9,ACUTE,MAX
1644285,159,PH,NA,SU,NA,AWC,9,CHRONIC,MAX
1644285,159,PH,NA,SU,NA,AWW,9,ACUTE,MAX
1644285,159,PH,NA,SU,NA,AWW,9,CHRONIC,MAX
1644285,159,PH,NA,SU,NA,AWEDW,9,ACUTE,MAX
1644285,159,PH,NA,SU,NA,AWEDW,9,CHRONIC,MAX
1644285,159,PH,NA,SU,NA,AWE,9,ACUTE,MAX
1644285,159,PH,NA,SU,NA,AGI,9,NA,MAX
1644285,159,PH,NA,SU,NA,AGL,9,NA,MAX
1644285,159,PH,NA,SU,NA,AWC,6.5,ACUTE,MIN
1644285,159,PH,NA,SU,NA,AWEDW,6.5,ACUTE,MIN
1644285,159,PH,NA,SU,NA,AWW,6.5,ACUTE,MIN
1644285,159,PH,NA,SU,NA,AGI,4.5,NA,MIN
1644285,159,PH,NA,SU,NA,AGL,6.5,NA,MIN
1644285,159,PH,NA,SU,NA,AWE,6.5,ACUTE,MIN
1644285,159,PH,NA,SU,NA,DWS,5,NA,MIN
1644285,159,PH,NA,SU,NA,FBC,6.5,NA,MIN
1644285,159,PH,NA,SU,NA,PBC,6.5,NA,MIN
85-01-8,160,PHENANTHRENE,NA,UG/L,NA,AWC,30,ACUTE,MAX
85-01-8,160,PHENANTHRENE,NA,UG/L,NA,AWC,6.3,CHRONIC,MAX
85-01-8,160,PHENANTHRENE,NA,UG/L,NA,AWW,30,ACUTE,MAX
85-01-8,160,PHENANTHRENE,NA,UG/L,NA,AWW,6.3,CHRONIC,MAX
85-01-8,160,PHENANTHRENE,NA,UG/L,NA,AWEDW,30,ACUTE,MAX
85-01-8,160,PHENANTHRENE,NA,UG/L,NA,AWEDW,6.3,CHRONIC,MAX
108-95-2,161,PHENOL,NA,UG/L,NA,DWS,2100,NA,MAX
108-95-2,161,PHENOL,NA,UG/L,NA,FC,37,NA,MAX
108-95-2,161,PHENOL,NA,UG/L,NA,FBC,280000,NA,MAX
108-95-2,161,PHENOL,NA,UG/L,NA,PBC,280000,NA,MAX
108-95-2,161,PHENOL,NA,UG/L,NA,AWC,5100,ACUTE,MAX
108-95-2,161,PHENOL,NA,UG/L,NA,AWC,730,CHRONIC,MAX
108-95-2,161,PHENOL,NA,UG/L,NA,AWW,7000,ACUTE,MAX
108-95-2,161,PHENOL,NA,UG/L,NA,AWW,1000,CHRONIC,MAX
108-95-2,161,PHENOL,NA,UG/L,NA,AWEDW,7000,ACUTE,MAX
108-95-2,161,PHENOL,NA,UG/L,NA,AWEDW,1000,CHRONIC,MAX
108-95-2,161,PHENOL,NA,UG/L,NA,AWE,180000,ACUTE,MAX
2/1/1918,162,PICLORAM,NA,UG/L,NA,DWS,500,NA,MAX
2/1/1918,162,PICLORAM,NA,UG/L,NA,FC,2710,NA,MAX
2/1/1918,162,PICLORAM,NA,UG/L,NA,FBC,65333,NA,MAX
2/1/1918,162,PICLORAM,NA,UG/L,NA,PBC,65333,NA,MAX
129-00-0,163,PYRENE,NA,UG/L,NA,DWS,210,NA,MAX
129-00-0,163,PYRENE,NA,UG/L,NA,FC,800,NA,MAX
129-00-0,163,PYRENE,NA,UG/L,NA,FBC,28000,NA,MAX
129-00-0,163,PYRENE,NA,UG/L,NA,PBC,28000,NA,MAX
7782-49-2,165,SELENIUM,TOTAL RECOVERABLE,UG/L,NA,DWS,50,NA,MAX
7782-49-2,165,SELENIUM,TOTAL RECOVERABLE,UG/L,NA,FC,667,NA,MAX
7782-49-2,165,SELENIUM,TOTAL RECOVERABLE,UG/L,NA,FBC,4667,NA,MAX
7782-49-2,165,SELENIUM,TOTAL RECOVERABLE,UG/L,NA,PBC,4667,NA,MAX
7782-49-2,165,SELENIUM,TOTAL RECOVERABLE,UG/L,NA,AWC,2,CHRONIC,MAX
7782-49-2,165,SELENIUM,TOTAL RECOVERABLE,UG/L,NA,AWW,2,CHRONIC,MAX
7782-49-2,165,SELENIUM,TOTAL RECOVERABLE,UG/L,NA,AWEDW,2,CHRONIC,MAX
7782-49-2,165,SELENIUM,TOTAL RECOVERABLE,UG/L,NA,AWE,33,ACUTE,MAX
7782-49-2,165,SELENIUM,TOTAL RECOVERABLE,UG/L,NA,AGI,20,NA,MAX
7782-49-2,165,SELENIUM,TOTAL RECOVERABLE,UG/L,NA,AGL,50,NA,MAX
7440-22-4,167,SILVER,TOTAL RECOVERABLE,UG/L,NA,DWS,35,NA,MAX
7440-22-4,167,SILVER,TOTAL RECOVERABLE,UG/L,NA,FC,8000,NA,MAX
7440-22-4,167,SILVER,TOTAL RECOVERABLE,UG/L,NA,FBC,4667,NA,MAX
7440-22-4,167,SILVER,TOTAL RECOVERABLE,UG/L,NA,PBC,4667,NA,MAX
93-72-1,168,SILVEX,TOTAL RECOVERABLE,UG/L,"2,4,5 TRICHLOROPHENOXY PROPRIONIC ACID (2,4,5-TP)",DWS,50,NA,MAX
93-72-1,168,SILVEX,TOTAL RECOVERABLE,UG/L,"2,4,5 TRICHLOROPHENOXY PROPRIONIC ACID (2,4,5-TP)",FBC,7467,NA,MAX
93-72-1,168,SILVEX,TOTAL RECOVERABLE,UG/L,"2,4,5 TRICHLOROPHENOXY PROPRIONIC ACID (2,4,5-TP)",PBC,7467,NA,MAX
122-34-9,169,SIMAZINE,NA,UG/L,NA,DWS,4,NA,MAX
122-34-9,169,SIMAZINE,NA,UG/L,NA,FBC,4667,NA,MAX
122-34-9,169,SIMAZINE,NA,UG/L,NA,PBC,4667,NA,MAX
100-42-5,170,STYRENE,NA,UG/L,NA,DWS,100,NA,MAX
100-42-5,170,STYRENE,NA,UG/L,NA,FBC,186667,NA,MAX
100-42-5,170,STYRENE,NA,UG/L,NA,PBC,186667,NA,MAX
100-42-5,170,STYRENE,NA,UG/L,NA,AWC,5600,ACUTE,MAX
100-42-5,170,STYRENE,NA,UG/L,NA,AWC,370,CHRONIC,MAX
100-42-5,170,STYRENE,NA,UG/L,NA,AWW,5600,ACUTE,MAX
100-42-5,170,STYRENE,NA,UG/L,NA,AWW,370,CHRONIC,MAX
100-42-5,170,STYRENE,NA,UG/L,NA,AWEDW,5600,ACUTE,MAX
100-42-5,170,STYRENE,NA,UG/L,NA,AWEDW,370,CHRONIC,MAX
17164666,171,SUSPENDED SEDIMENT CONCENTRATION (SSC),SUSPENDED,MG/L,NA,AWC,25,CHRONIC,MAX
17164666,171,SUSPENDED SEDIMENT CONCENTRATION (SSC),SUSPENDED,MG/L,NA,AWW,80,CHRONIC,MAX
127-18-4,172,TETRACHLOROETHYLENE,NA,UG/L,NA,DWS,5,NA,MAX
127-18-4,172,TETRACHLOROETHYLENE,NA,UG/L,NA,FC,261,NA,MAX
127-18-4,172,TETRACHLOROETHYLENE,NA,UG/L,NA,FBC,9333,NA,MAX
127-18-4,172,TETRACHLOROETHYLENE,NA,UG/L,NA,PBC,9333,NA,MAX
127-18-4,172,TETRACHLOROETHYLENE,NA,UG/L,NA,AWC,2600,ACUTE,MAX
127-18-4,172,TETRACHLOROETHYLENE,NA,UG/L,NA,AWC,280,CHRONIC,MAX
127-18-4,172,TETRACHLOROETHYLENE,NA,UG/L,NA,AWW,6500,ACUTE,MAX
127-18-4,172,TETRACHLOROETHYLENE,NA,UG/L,NA,AWW,680,CHRONIC,MAX
127-18-4,172,TETRACHLOROETHYLENE,NA,UG/L,NA,AWEDW,6500,ACUTE,MAX
127-18-4,172,TETRACHLOROETHYLENE,NA,UG/L,NA,AWEDW,680,CHRONIC,MAX
127-18-4,172,TETRACHLOROETHYLENE,NA,UG/L,NA,AWE,15000,ACUTE,MAX
7440-28-0,173,THALLIUM,DISSOLVED,UG/L,NA,AWC,700,ACUTE,MAX
7440-28-0,173,THALLIUM,DISSOLVED,UG/L,NA,AWC,150,CHRONIC,MAX
7440-28-0,173,THALLIUM,DISSOLVED,UG/L,NA,AWW,700,ACUTE,MAX
7440-28-0,173,THALLIUM,DISSOLVED,UG/L,NA,AWW,150,CHRONIC,MAX
7440-28-0,173,THALLIUM,DISSOLVED,UG/L,NA,AWEDW,700,ACUTE,MAX
7440-28-0,173,THALLIUM,DISSOLVED,UG/L,NA,AWEDW,150,CHRONIC,MAX
7440-28-0,174,THALLIUM,TOTAL RECOVERABLE,UG/L,NA,DWS,2,NA,MAX
7440-28-0,174,THALLIUM,TOTAL RECOVERABLE,UG/L,NA,FC,1,NA,MAX
7440-28-0,174,THALLIUM,TOTAL RECOVERABLE,UG/L,NA,FBC,75,NA,MAX
7440-28-0,174,THALLIUM,TOTAL RECOVERABLE,UG/L,NA,PBC,75,NA,MAX
108-88-3,175,TOLUENE,NA,UG/L,NA,DWS,1000,NA,MAX
108-88-3,175,TOLUENE,NA,UG/L,NA,FC,201000,NA,MAX
108-88-3,175,TOLUENE,NA,UG/L,NA,FBC,280000,NA,MAX
108-88-3,175,TOLUENE,NA,UG/L,NA,PBC,280000,NA,MAX
108-88-3,175,TOLUENE,NA,UG/L,NA,AWC,8700,ACUTE,MAX
108-88-3,175,TOLUENE,NA,UG/L,NA,AWC,180,CHRONIC,MAX
108-88-3,175,TOLUENE,NA,UG/L,NA,AWW,8700,ACUTE,MAX
108-88-3,175,TOLUENE,NA,UG/L,NA,AWW,180,CHRONIC,MAX
108-88-3,175,TOLUENE,NA,UG/L,NA,AWEDW,8700,ACUTE,MAX
108-88-3,175,TOLUENE,NA,UG/L,NA,AWEDW,180,CHRONIC,MAX
8001-35-2,176,TOXAPHENE,NA,UG/L,NA,DWS,3,NA,MAX
8001-35-2,176,TOXAPHENE,NA,UG/L,NA,FC,3e-4,NA,MAX
8001-35-2,176,TOXAPHENE,NA,UG/L,NA,FBC,1.3,NA,MAX
8001-35-2,176,TOXAPHENE,NA,UG/L,NA,PBC,933,NA,MAX
8001-35-2,176,TOXAPHENE,NA,UG/L,NA,AWC,0.7,ACUTE,MAX
8001-35-2,176,TOXAPHENE,NA,UG/L,NA,AWC,2e-4,CHRONIC,MAX
8001-35-2,176,TOXAPHENE,NA,UG/L,NA,AWW,0.7,ACUTE,MAX
8001-35-2,176,TOXAPHENE,NA,UG/L,NA,AWW,2e-4,CHRONIC,MAX
8001-35-2,176,TOXAPHENE,NA,UG/L,NA,AWEDW,0.7,ACUTE,MAX
8001-35-2,176,TOXAPHENE,NA,UG/L,NA,AWEDW,2e-4,CHRONIC,MAX
8001-35-2,176,TOXAPHENE,NA,UG/L,NA,AWE,11,ACUTE,MAX
8001-35-2,176,TOXAPHENE,NA,UG/L,NA,AGI,0.005,NA,MAX
8001-35-2,176,TOXAPHENE,NA,UG/L,NA,AGL,0.005,NA,MAX
NA,177,"TRANS-1,2-DICHLOROETHYLENE",NA,UG/L,NA,DWS,100,NA,MAX
NA,177,"TRANS-1,2-DICHLOROETHYLENE",NA,UG/L,NA,FC,10127,NA,MAX
NA,177,"TRANS-1,2-DICHLOROETHYLENE",NA,UG/L,NA,FBC,18667,NA,MAX
NA,177,"TRANS-1,2-DICHLOROETHYLENE",NA,UG/L,NA,PBC,18667,NA,MAX
NA,177,"TRANS-1,2-DICHLOROETHYLENE",NA,UG/L,NA,AWC,68000,ACUTE,MAX
NA,177,"TRANS-1,2-DICHLOROETHYLENE",NA,UG/L,NA,AWC,3900,CHRONIC,MAX
NA,177,"TRANS-1,2-DICHLOROETHYLENE",NA,UG/L,NA,AWW,68000,ACUTE,MAX
NA,177,"TRANS-1,2-DICHLOROETHYLENE",NA,UG/L,NA,AWW,3900,CHRONIC,MAX
NA,177,"TRANS-1,2-DICHLOROETHYLENE",NA,UG/L,NA,AWEDW,68000,ACUTE,MAX
NA,177,"TRANS-1,2-DICHLOROETHYLENE",NA,UG/L,NA,AWEDW,3900,CHRONIC,MAX
10061-02-6,178,"TRANS-1,3-DICHLOROPROPENE",NA,UG/L,NA,DWS,0.7,NA,MAX
10061-02-6,178,"TRANS-1,3-DICHLOROPROPENE",NA,UG/L,NA,FC,42,NA,MAX
10061-02-6,178,"TRANS-1,3-DICHLOROPROPENE",NA,UG/L,NA,FBC,420,NA,MAX
10061-02-6,178,"TRANS-1,3-DICHLOROPROPENE",NA,UG/L,NA,PBC,28000,NA,MAX
10061-02-6,178,"TRANS-1,3-DICHLOROPROPENE",NA,UG/L,NA,AWC,3000,ACUTE,MAX
10061-02-6,178,"TRANS-1,3-DICHLOROPROPENE",NA,UG/L,NA,AWC,1100,CHRONIC,MAX
10061-02-6,178,"TRANS-1,3-DICHLOROPROPENE",NA,UG/L,NA,AWW,3000,ACUTE,MAX
10061-02-6,178,"TRANS-1,3-DICHLOROPROPENE",NA,UG/L,NA,AWW,1100,CHRONIC,MAX
10061-02-6,178,"TRANS-1,3-DICHLOROPROPENE",NA,UG/L,NA,AWEDW,3000,ACUTE,MAX
10061-02-6,178,"TRANS-1,3-DICHLOROPROPENE",NA,UG/L,NA,AWEDW,1100,CHRONIC,MAX
75-25-2,179,TRIBROMOMETHANE,TOTAL RECOVERABLE,UG/L,BROMOFORM,FC,133,NA,MAX
75-25-2,179,TRIBROMOMETHANE,TOTAL RECOVERABLE,UG/L,BROMOFORM,FBC,180,NA,MAX
75-25-2,179,TRIBROMOMETHANE,TOTAL RECOVERABLE,UG/L,BROMOFORM,PBC,18667,NA,MAX
75-25-2,179,TRIBROMOMETHANE,TOTAL RECOVERABLE,UG/L,BROMOFORM,AWC,15000,ACUTE,MAX
75-25-2,179,TRIBROMOMETHANE,TOTAL RECOVERABLE,UG/L,BROMOFORM,AWC,10000,CHRONIC,MAX
75-25-2,179,TRIBROMOMETHANE,TOTAL RECOVERABLE,UG/L,BROMOFORM,AWW,15000,ACUTE,MAX
75-25-2,179,TRIBROMOMETHANE,TOTAL RECOVERABLE,UG/L,BROMOFORM,AWW,10000,CHRONIC,MAX
75-25-2,179,TRIBROMOMETHANE,TOTAL RECOVERABLE,UG/L,BROMOFORM,AWEDW,15000,ACUTE,MAX
75-25-2,179,TRIBROMOMETHANE,TOTAL RECOVERABLE,UG/L,BROMOFORM,AWEDW,10000,CHRONIC,MAX
NA,180,TRIBUTYLTIN,NA,UG/L,NA,AWC,0.5,ACUTE,MAX
NA,180,TRIBUTYLTIN,NA,UG/L,NA,AWC,0.07,CHRONIC,MAX
NA,180,TRIBUTYLTIN,NA,UG/L,NA,AWW,0.5,ACUTE,MAX
NA,180,TRIBUTYLTIN,NA,UG/L,NA,AWW,0.07,CHRONIC,MAX
NA,180,TRIBUTYLTIN,NA,UG/L,NA,AWEDW,0.5,ACUTE,MAX
NA,180,TRIBUTYLTIN,NA,UG/L,NA,AWEDW,0.07,CHRONIC,MAX
79-01-6,181,TRICHLOROETHYLENE,NA,UG/L,NA,DWS,5,NA,MAX
79-01-6,181,TRICHLOROETHYLENE,NA,UG/L,NA,FC,29,NA,MAX
79-01-6,181,TRICHLOROETHYLENE,NA,UG/L,NA,FBC,280000,NA,MAX
79-01-6,181,TRICHLOROETHYLENE,NA,UG/L,NA,PBC,280,NA,MAX
79-01-6,181,TRICHLOROETHYLENE,NA,UG/L,NA,AWC,20000,ACUTE,MAX
79-01-6,181,TRICHLOROETHYLENE,NA,UG/L,NA,AWC,1300,CHRONIC,MAX
79-01-6,181,TRICHLOROETHYLENE,NA,UG/L,NA,AWW,20000,ACUTE,MAX
79-01-6,181,TRICHLOROETHYLENE,NA,UG/L,NA,AWW,1300,CHRONIC,MAX
79-01-6,181,TRICHLOROETHYLENE,NA,UG/L,NA,AWEDW,20000,ACUTE,MAX
79-01-6,181,TRICHLOROETHYLENE,NA,UG/L,NA,AWEDW,1300,CHRONIC,MAX
NA,182,TRIHALOMETHANES,TOTAL RECOVERABLE,UG/L,NA,DWS,80,NA,MAX
7440-61-1,183,URANIUM,DISSOLVED,UG/L,NA,DWS,30,NA,MAX
7440-61-1,184,URANIUM,NA,UG/L,NA,FBC,2800,NA,MAX
7440-61-1,184,URANIUM,NA,UG/L,NA,PBC,2800,NA,MAX
75-01-4,187,VINYL CHLORIDE,NA,UG/L,NA,DWS,2,NA,MAX
75-01-4,187,VINYL CHLORIDE,NA,UG/L,NA,FC,5,NA,MAX
75-01-4,187,VINYL CHLORIDE,NA,UG/L,NA,FBC,2,NA,MAX
75-01-4,187,VINYL CHLORIDE,NA,UG/L,NA,PBC,2800,NA,MAX
1330-20-7,188,XYLENE,TOTAL RECOVERABLE,UG/L,XYLENES (T),DWS,10000,NA,MAX
1330-20-7,188,XYLENE,TOTAL RECOVERABLE,UG/L,XYLENES (T),FBC,186667,NA,MAX
1330-20-7,188,XYLENE,TOTAL RECOVERABLE,UG/L,XYLENES (T),PBC,186667,NA,MAX
7440-66-6,190,ZINC,TOTAL RECOVERABLE,UG/L,NA,DWS,2100,NA,MAX
7440-66-6,190,ZINC,TOTAL RECOVERABLE,UG/L,NA,FC,5106,NA,MAX
7440-66-6,190,ZINC,TOTAL RECOVERABLE,UG/L,NA,FBC,280000,NA,MAX
7440-66-6,190,ZINC,TOTAL RECOVERABLE,UG/L,NA,PBC,280000,NA,MAX
7440-66-6,190,ZINC,TOTAL RECOVERABLE,UG/L,NA,AGI,10000,NA,MAX
7440-66-6,190,ZINC,TOTAL RECOVERABLE,UG/L,NA,AGL,25000,NA,MAX
