"SUBSTANCE_CAS_NO","STANDARD_RID","SUBSTANCE_NAME","CAS_QUALIFIER_NAME","UNIT_NAME","SUBSTANCE_SYNONYM","DWS_MAX","FC_MAX","FBC_MAX","PBC_MAX","AWC_ACUTE_MAX","AWC_CHRONIC_MAX","AWW_ACUTE_MAX","AWW_CHRONIC_MAX","AWEDW_ACUTE_MAX","AWEDW_CHRONIC_MAX","AWE_ACUTE_MAX","AGI_MAX","AGL_MAX","AWC_ACUTE_MIN","AWEDW_ACUTE_MIN","AWW_ACUTE_MIN","AGI_MIN","AGL_MIN","AWE_ACUTE_MIN","DWS_MIN","FBC_MIN","PBC_MIN","CHRONIC","ACUTE","AWC_CHRONIC_A","AWC_CHRONIC_B","AWC_CHRONIC_C","AWC_CHRONIC_D","AWC_ACUTE_A","AWC_ACUTE_B","AWC_ACUTE_C","AWC_ACUTE_D","AWE_ACUTE_A","AWE_ACUTE_B","AWE_ACUTE_C","AWE_ACUTE_D","AWW_CHRONIC_A","AWW_CHRONIC_B","AWW_CHRONIC_C","AWW_CHRONIC_D","AWW_ACUTE_A","AWW_ACUTE_B","AWW_ACUTE_C","AWW_ACUTE_D","AWEDW_CHRONIC_A","AWEDW_CHRONIC_B","AWEDW_CHRONIC_C","AWEDW_CHRONIC_D","AWEDW_ACUTE_A","AWEDW_ACUTE_B","AWEDW_ACUTE_C","AWEDW_ACUTE_D","COMMENTS"
"959-98-8",1,".ALPHA.-ENDOSULFAN",NA,"UG/L",NA,42,18,5600,5600,0.2,0.06,0.2,0.06,0.2,0.06,3,NA,NA,NA,NA,NA,NA,NA,NA,NA,NA,NA,NA,NA,NA,NA,NA,NA,NA,NA,NA,NA,NA,NA,NA,NA,NA,NA,NA,NA,NA,NA,NA,NA,NA,NA,NA,NA,NA,NA,NA,NA,NA
"319-84-6",2,".ALPHA.-HEXACHLOROCYCLOHEXANE",NA,"UG/L",NA,0.006,0.005,0.22,7467,1600,130,1600,130,1600,130,1600,NA,NA,NA,NA,NA,NA,NA,NA,NA,NA,NA,NA,NA,NA,NA,NA,NA,NA,NA,NA,NA,NA,NA,NA,NA,NA,NA,NA,NA,NA,NA,NA,NA,NA,NA,NA,NA,NA,NA,NA,NA,NA
NA,3,".BETA.-HEXACHLOROCYCLOHEXANE",NA,"UG/L",NA,0.02,0.02,0.78,560,1600,130,1600,130,1600,130,1600,NA,NA,NA,NA,NA,NA,NA,NA,NA,NA,NA,NA,NA,NA,NA,NA,NA,NA,NA,NA,NA,NA,NA,NA,NA,NA,NA,NA,NA,NA,NA,NA,NA,NA,NA,NA,NA,NA,NA,NA,NA,NA
"319-86-8",4,".DELTA.-HEXACHLOROCYCLOHEXANE",NA,"UG/L","HEXACHLOROCYCLOHEXANE DELTA",NA,NA,NA,NA,1600,130,1600,130,1600,130,1600,NA,NA,NA,NA,NA,NA,NA,NA,NA,NA,NA,NA,NA,NA,NA,NA,NA,NA,NA,NA,NA,NA,NA,NA,NA,NA,NA,NA,NA,NA,NA,NA,NA,NA,NA,NA,NA,NA,NA,NA,NA,NA
"71-55-6",5,"1,1,1-TRICHLOROETHANE","DISSOLVED","UG/L",NA,200,428571,1866667,1866667,2600,1600,2600,1600,2600,1600,NA,1000,NA,NA,NA,NA,NA,NA,NA,NA,NA,NA,NA,NA,NA,NA,NA,NA,NA,NA,NA,NA,NA,NA,NA,NA,NA,NA,NA,NA,NA,NA,NA,NA,NA,NA,NA,NA,NA,NA,NA,NA,NA
"79-34-5",7,"1,1,2,2-TETRACHLOROETHANE","DISSOLVED","UG/L",NA,0.2,4,7,56000,4700,3200,4700,3200,4700,3200,NA,NA,NA,NA,NA,NA,NA,NA,NA,NA,NA,NA,NA,NA,NA,NA,NA,NA,NA,NA,NA,NA,NA,NA,NA,NA,NA,NA,NA,NA,NA,NA,NA,NA,NA,NA,NA,NA,NA,NA,NA,NA,NA
"79-00-5",9,"1,1,2-TRICHLOROETHANE","DISSOLVED","UG/L",NA,5,16,25,3733,18000,12000,18000,12000,18000,12000,NA,NA,NA,NA,NA,NA,NA,NA,NA,NA,NA,NA,NA,NA,NA,NA,NA,NA,NA,NA,NA,NA,NA,NA,NA,NA,NA,NA,NA,NA,NA,NA,NA,NA,NA,NA,NA,NA,NA,NA,NA,NA,NA
"75-35-4",11,"1,1-DICHLOROETHYLENE","DISSOLVED","UG/L",NA,7,7143,46667,46667,15000,950,15000,950,15000,950,NA,NA,NA,NA,NA,NA,NA,NA,NA,NA,NA,NA,NA,NA,NA,NA,NA,NA,NA,NA,NA,NA,NA,NA,NA,NA,NA,NA,NA,NA,NA,NA,NA,NA,NA,NA,NA,NA,NA,NA,NA,NA,NA
"120-82-1",13,"1,2,4-TRICHLOROBENZENE","DISSOLVED","UG/L",NA,70,70,9333,9333,750,130,1700,300,1700,300,NA,NA,NA,NA,NA,NA,NA,NA,NA,NA,NA,NA,NA,NA,NA,NA,NA,NA,NA,NA,NA,NA,NA,NA,NA,NA,NA,NA,NA,NA,NA,NA,NA,NA,NA,NA,NA,NA,NA,NA,NA,NA,NA
"96-12-8",15,"1,2-DIBROMO-3-CHLOROPROPANE",NA,"UG/L",NA,0.2,NA,NA,NA,NA,NA,NA,NA,NA,NA,NA,NA,NA,NA,NA,NA,NA,NA,NA,NA,NA,NA,NA,NA,NA,NA,NA,NA,NA,NA,NA,NA,NA,NA,NA,NA,NA,NA,NA,NA,NA,NA,NA,NA,NA,NA,NA,NA,NA,NA,NA,NA,NA
"107-06-2",16,"1,2-DICHLOROETHANE",NA,"UG/L",NA,5,37,15,186667,59000,41000,59000,41000,59000,41000,NA,NA,NA,NA,NA,NA,NA,NA,NA,NA,NA,NA,NA,NA,NA,NA,NA,NA,NA,NA,NA,NA,NA,NA,NA,NA,NA,NA,NA,NA,NA,NA,NA,NA,NA,NA,NA,NA,NA,NA,NA,NA,NA
"78-87-5",17,"1,2-DICHLOROPROPANE",NA,"UG/L",NA,5,17518,84000,84000,26000,9200,26000,9200,26000,9200,NA,NA,NA,NA,NA,NA,NA,NA,NA,NA,NA,NA,NA,NA,NA,NA,NA,NA,NA,NA,NA,NA,NA,NA,NA,NA,NA,NA,NA,NA,NA,NA,NA,NA,NA,NA,NA,NA,NA,NA,NA,NA,NA
"122-66-7",18,"1,2-DIPHENYLHYDRAZINE",NA,"UG/L",NA,0.04,0.2,1.8,1.8,130,11,130,11,130,11,NA,NA,NA,NA,NA,NA,NA,NA,NA,NA,NA,NA,NA,NA,NA,NA,NA,NA,NA,NA,NA,NA,NA,NA,NA,NA,NA,NA,NA,NA,NA,NA,NA,NA,NA,NA,NA,NA,NA,NA,NA,NA,NA
"542-75-6",19,"1,3-DICHLOROPROPENE",NA,"UG/L",NA,0.7,42,420,28000,3000,1100,3000,1100,3000,1100,NA,NA,NA,NA,NA,NA,NA,NA,NA,NA,NA,NA,NA,NA,NA,NA,NA,NA,NA,NA,NA,NA,NA,NA,NA,NA,NA,NA,NA,NA,NA,NA,NA,NA,NA,NA,NA,NA,NA,NA,NA,NA,NA
"1746-01-6",20,"2,3,7,8-TETRACHLORODIBENZO-P-DIOXIN","TOTAL RECOVERABLE","UG/L",NA,0.00003,0.000000005,0.00003,0.0009,0.01,0.005,0.01,0.005,0.01,0.005,0.1,NA,NA,NA,NA,NA,NA,NA,NA,NA,NA,NA,NA,NA,NA,NA,NA,NA,NA,NA,NA,NA,NA,NA,NA,NA,NA,NA,NA,NA,NA,NA,NA,NA,NA,NA,NA,NA,NA,NA,NA,NA,NA
"88-06-2",21,"2,4,6-TRICHLOROPHENOL",NA,"UG/L",NA,3.2,2,130,130,160,25,160,25,160,25,3000,NA,NA,NA,NA,NA,NA,NA,NA,NA,NA,NA,NA,NA,NA,NA,NA,NA,NA,NA,NA,NA,NA,NA,NA,NA,NA,NA,NA,NA,NA,NA,NA,NA,NA,NA,NA,NA,NA,NA,NA,NA,NA
"120-83-2",22,"2,4-DICHLOROPHENOL",NA,"UG/L",NA,21,59,2800,2800,1000,88,1000,88,1000,88,NA,NA,NA,NA,NA,NA,NA,NA,NA,NA,NA,NA,NA,NA,NA,NA,NA,NA,NA,NA,NA,NA,NA,NA,NA,NA,NA,NA,NA,NA,NA,NA,NA,NA,NA,NA,NA,NA,NA,NA,NA,NA,NA
"94-75-7",23,"2,4-DICHLOROPHENOXYACETIC ACID",NA,"UG/L",NA,70,NA,9333,9333,NA,NA,NA,NA,NA,NA,NA,NA,NA,NA,NA,NA,NA,NA,NA,NA,NA,NA,NA,NA,NA,NA,NA,NA,NA,NA,NA,NA,NA,NA,NA,NA,NA,NA,NA,NA,NA,NA,NA,NA,NA,NA,NA,NA,NA,NA,NA,NA,NA
"105-67-9",24,"2,4-DIMETHYLPHENOL",NA,"UG/L",NA,140,171,18667,18667,1000,310,1000,310,1000,310,150000,NA,NA,NA,NA,NA,NA,NA,NA,NA,NA,NA,NA,NA,NA,NA,NA,NA,NA,NA,NA,NA,NA,NA,NA,NA,NA,NA,NA,NA,NA,NA,NA,NA,NA,NA,NA,NA,NA,NA,NA,NA,NA
"51-28-5",25,"2,4-DINITROPHENOL",NA,"UG/L",NA,14,1067,1867,1867,110,9.2,110,9.2,110,9.2,NA,NA,NA,NA,NA,NA,NA,NA,NA,NA,NA,NA,NA,NA,NA,NA,NA,NA,NA,NA,NA,NA,NA,NA,NA,NA,NA,NA,NA,NA,NA,NA,NA,NA,NA,NA,NA,NA,NA,NA,NA,NA,NA
"121-14-2",26,"2,4-DINITROTOLUENE",NA,"UG/L",NA,14,421,1867,1867,14000,860,14000,860,14000,860,NA,NA,NA,NA,NA,NA,NA,NA,NA,NA,NA,NA,NA,NA,NA,NA,NA,NA,NA,NA,NA,NA,NA,NA,NA,NA,NA,NA,NA,NA,NA,NA,NA,NA,NA,NA,NA,NA,NA,NA,NA,NA,NA
"606-20-2",27,"2,6-DINITROTOLUENE",NA,"UG/L",NA,0.05,NA,2,3733,NA,NA,NA,NA,NA,NA,NA,NA,NA,NA,NA,NA,NA,NA,NA,NA,NA,NA,NA,NA,NA,NA,NA,NA,NA,NA,NA,NA,NA,NA,NA,NA,NA,NA,NA,NA,NA,NA,NA,NA,NA,NA,NA,NA,NA,NA,NA,NA,NA
"110-75-8",28,"2-CHLOROETHYL VINYL ETHER",NA,"UG/L",NA,NA,NA,NA,NA,180000,9800,180000,9800,180000,9800,NA,NA,NA,NA,NA,NA,NA,NA,NA,NA,NA,NA,NA,NA,NA,NA,NA,NA,NA,NA,NA,NA,NA,NA,NA,NA,NA,NA,NA,NA,NA,NA,NA,NA,NA,NA,NA,NA,NA,NA,NA,NA,NA
"91-58-7",29,"2-CHLORONAPHTHALENE","TOTAL RECOVERABLE","UG/L",NA,560,317,74667,74667,NA,NA,NA,NA,NA,NA,NA,NA,NA,NA,NA,NA,NA,NA,NA,NA,NA,NA,NA,NA,NA,NA,NA,NA,NA,NA,NA,NA,NA,NA,NA,NA,NA,NA,NA,NA,NA,NA,NA,NA,NA,NA,NA,NA,NA,NA,NA,NA,NA
"91-94-1",30,"3,3'-DICHLOROBENZIDINE","TOTAL RECOVERABLE","UG/L",NA,0.08,0.03,3,3,NA,NA,NA,NA,NA,NA,NA,NA,NA,NA,NA,NA,NA,NA,NA,NA,NA,NA,NA,NA,NA,NA,NA,NA,NA,NA,NA,NA,NA,NA,NA,NA,NA,NA,NA,NA,NA,NA,NA,NA,NA,NA,NA,NA,NA,NA,NA,NA,NA
"534-52-1",31,"4,6-DINITRO-O-CRESOL","TOTAL RECOVERABLE","UG/L",NA,28,582,3733,3733,310,24,310,24,310,24,NA,NA,NA,NA,NA,NA,NA,NA,NA,NA,NA,NA,NA,NA,NA,NA,NA,NA,NA,NA,NA,NA,NA,NA,NA,NA,NA,NA,NA,NA,NA,NA,NA,NA,NA,NA,NA,NA,NA,NA,NA,NA,NA
"83-32-9",32,"ACENAPHTHENE",NA,"UG/L",NA,420,198,56000,56000,850,550,850,550,850,550,NA,NA,NA,NA,NA,NA,NA,NA,NA,NA,NA,NA,NA,NA,NA,NA,NA,NA,NA,NA,NA,NA,NA,NA,NA,NA,NA,NA,NA,NA,NA,NA,NA,NA,NA,NA,NA,NA,NA,NA,NA,NA,NA
"107-02-8",33,"ACROLEIN",NA,"UG/L",NA,3.5,1.9,467,467,34,30,34,30,34,30,NA,NA,NA,NA,NA,NA,NA,NA,NA,NA,NA,NA,NA,NA,NA,NA,NA,NA,NA,NA,NA,NA,NA,NA,NA,NA,NA,NA,NA,NA,NA,NA,NA,NA,NA,NA,NA,NA,NA,NA,NA,NA,NA
"107-13-1",34,"ACRYLONITRILE",NA,"UG/L",NA,0.06,0.2,3,37333,3800,250,3800,250,3800,250,NA,NA,NA,NA,NA,NA,NA,NA,NA,NA,NA,NA,NA,NA,NA,NA,NA,NA,NA,NA,NA,NA,NA,NA,NA,NA,NA,NA,NA,NA,NA,NA,NA,NA,NA,NA,NA,NA,NA,NA,NA,NA,NA
"15972-60-8",35,"ALACHLOR",NA,"UG/L",NA,2,NA,9333,9333,2500,170,2500,170,2500,170,NA,NA,NA,NA,NA,NA,NA,NA,NA,NA,NA,NA,NA,NA,NA,NA,NA,NA,NA,NA,NA,NA,NA,NA,NA,NA,NA,NA,NA,NA,NA,NA,NA,NA,NA,NA,NA,NA,NA,NA,NA,NA,NA
"309-00-2",36,"ALDRIN",NA,"UG/L",NA,0.002,0.00005,0.08,28,3,NA,3,NA,3,NA,4.5,0.003,NA,NA,NA,NA,NA,NA,NA,NA,NA,NA,NA,NA,NA,NA,NA,NA,NA,NA,NA,NA,NA,NA,NA,NA,NA,NA,NA,NA,NA,NA,NA,NA,NA,NA,NA,NA,NA,NA,NA,NA,NA
"12587-46-1",37,"ALPHA PARTICLE",NA,"PCI/L","ALPHA PARTICLES (GROSS) RADIOACTIVITY",15,NA,NA,NA,NA,NA,NA,NA,NA,NA,NA,NA,NA,NA,NA,NA,NA,NA,NA,NA,NA,NA,NA,NA,NA,NA,NA,NA,NA,NA,NA,NA,NA,NA,NA,NA,NA,NA,NA,NA,NA,NA,NA,NA,NA,NA,NA,NA,NA,NA,NA,NA,NA
"17294687",38,"AMMONIA-NITROGEN",NA,"MG/L",NA,NA,NA,NA,NA,NA,NA,NA,NA,NA,NA,NA,NA,NA,NA,NA,NA,NA,NA,NA,NA,NA,NA,NA,NA,0.0577,7.688,2.487,-7.688,0.275,7.204,39,-7.204,NA,NA,NA,NA,0.0577,7.688,2.487,-7.688,0.411,7.204,58.4,-7.204,0.0577,7.688,2.487,-7.688,0.411,7.204,58.4,-7.204,NA
"120-12-7",39,"ANTHRACENE",NA,"UG/L",NA,2100,74,280000,280000,NA,NA,NA,NA,NA,NA,NA,NA,NA,NA,NA,NA,NA,NA,NA,NA,NA,NA,NA,NA,NA,NA,NA,NA,NA,NA,NA,NA,NA,NA,NA,NA,NA,NA,NA,NA,NA,NA,NA,NA,NA,NA,NA,NA,NA,NA,NA,NA,NA
"7440-36-0",40,"ANTIMONY","DISSOLVED","UG/L",NA,NA,NA,NA,NA,88,30,88,30,1000,600,NA,NA,NA,NA,NA,NA,NA,NA,NA,NA,NA,NA,NA,NA,NA,NA,NA,NA,NA,NA,NA,NA,NA,NA,NA,NA,NA,NA,NA,NA,NA,NA,NA,NA,NA,NA,NA,NA,NA,NA,NA,NA,NA
"7440-36-0",41,"ANTIMONY","TOTAL RECOVERABLE","UG/L",NA,6,640,747,747,NA,NA,NA,NA,NA,NA,NA,2000,200,NA,NA,NA,NA,NA,NA,NA,NA,NA,NA,NA,NA,NA,NA,NA,NA,NA,NA,NA,NA,NA,NA,NA,NA,NA,NA,NA,NA,NA,NA,NA,NA,NA,NA,NA,NA,NA,NA,NA,NA
"7440-38-2",42,"ARSENIC","DISSOLVED","UG/L",NA,NA,NA,NA,NA,340,150,340,150,340,150,440,NA,NA,NA,NA,NA,NA,NA,NA,NA,NA,NA,NA,NA,NA,NA,NA,NA,NA,NA,NA,NA,NA,NA,NA,NA,NA,NA,NA,NA,NA,NA,NA,NA,NA,NA,NA,NA,NA,NA,NA,NA,NA
"7440-38-2",43,"ARSENIC","TOTAL RECOVERABLE","UG/L",NA,10,80,30,280,NA,NA,NA,NA,NA,NA,NA,2000,200,NA,NA,NA,NA,NA,NA,NA,NA,NA,NA,NA,NA,NA,NA,NA,NA,NA,NA,NA,NA,NA,NA,NA,NA,NA,NA,NA,NA,NA,NA,NA,NA,NA,NA,NA,NA,NA,NA,NA,NA
"1912-24-9",44,"ATRAZINE",NA,"UG/L",NA,3,NA,32667,32667,NA,NA,NA,NA,NA,NA,NA,NA,NA,NA,NA,NA,NA,NA,NA,NA,NA,NA,NA,NA,NA,NA,NA,NA,NA,NA,NA,NA,NA,NA,NA,NA,NA,NA,NA,NA,NA,NA,NA,NA,NA,NA,NA,NA,NA,NA,NA,NA,NA
"86-50-0",45,"AZINPHOS-METHYL","TOTAL RECOVERABLE","UG/L","GUTHION",NA,NA,NA,NA,NA,0.01,NA,0.01,NA,0.01,NA,NA,NA,NA,NA,NA,NA,NA,NA,NA,NA,NA,NA,NA,NA,NA,NA,NA,NA,NA,NA,NA,NA,NA,NA,NA,NA,NA,NA,NA,NA,NA,NA,NA,NA,NA,NA,NA,NA,NA,NA,NA,NA
"7440-39-3",46,"BARIUM","TOTAL RECOVERABLE","UG/L",NA,2000,NA,98000,98000,NA,NA,NA,NA,NA,NA,NA,NA,NA,NA,NA,NA,NA,NA,NA,NA,NA,NA,NA,NA,NA,NA,NA,NA,NA,NA,NA,NA,NA,NA,NA,NA,NA,NA,NA,NA,NA,NA,NA,NA,NA,NA,NA,NA,NA,NA,NA,NA,NA
"71-43-2",47,"BENZENE",NA,"UG/L",NA,5,114,93,3773,2700,180,2700,180,8800,560,NA,NA,NA,NA,NA,NA,NA,NA,NA,NA,NA,NA,NA,NA,NA,NA,NA,NA,NA,NA,NA,NA,NA,NA,NA,NA,NA,NA,NA,NA,NA,NA,NA,NA,NA,NA,NA,NA,NA,NA,NA,NA,NA
"92-87-5",48,"BENZIDINE",NA,"UG/L",NA,0.0002,0.0002,0.01,2800,1300,89,1300,89,1300,89,10000,0.01,0.01,NA,NA,NA,NA,NA,NA,NA,NA,NA,NA,NA,NA,NA,NA,NA,NA,NA,NA,NA,NA,NA,NA,NA,NA,NA,NA,NA,NA,NA,NA,NA,NA,NA,NA,NA,NA,NA,NA,NA,NA
"50-32-8",49,"BENZO[A]PYRENE",NA,"UG/L",NA,0.2,0.02,0.2,0.2,NA,NA,NA,NA,NA,NA,NA,NA,NA,NA,NA,NA,NA,NA,NA,NA,NA,NA,NA,NA,NA,NA,NA,NA,NA,NA,NA,NA,NA,NA,NA,NA,NA,NA,NA,NA,NA,NA,NA,NA,NA,NA,NA,NA,NA,NA,NA,NA,NA
"207-08-9",50,"BENZO[K]FLUORANTHENE",NA,"UG/L",NA,0.005,0.02,1.9,1.9,NA,NA,NA,NA,NA,NA,NA,NA,NA,NA,NA,NA,NA,NA,NA,NA,NA,NA,NA,NA,NA,NA,NA,NA,NA,NA,NA,NA,NA,NA,NA,NA,NA,NA,NA,NA,NA,NA,NA,NA,NA,NA,NA,NA,NA,NA,NA,NA,NA
"56-55-3",51,"BENZ[A]ANTHRACENE",NA,"UG/L",NA,0.005,0.02,0.2,0.2,NA,NA,NA,NA,NA,NA,NA,NA,NA,NA,NA,NA,NA,NA,NA,NA,NA,NA,NA,NA,NA,NA,NA,NA,NA,NA,NA,NA,NA,NA,NA,NA,NA,NA,NA,NA,NA,NA,NA,NA,NA,NA,NA,NA,NA,NA,NA,NA,NA
"7440-41-7",53,"BERYLLIUM","TOTAL RECOVERABLE","UG/L",NA,4,84,1867,1867,NA,NA,NA,NA,NA,NA,NA,NA,NA,NA,NA,NA,NA,NA,NA,NA,NA,NA,NA,NA,NA,NA,NA,NA,NA,NA,NA,NA,NA,NA,NA,NA,NA,NA,NA,NA,NA,NA,NA,NA,NA,NA,NA,NA,NA,NA,NA,NA,NA
"7440-41-7",52,"BERYLLIUM","DISSOLVED","UG/L",NA,NA,NA,NA,NA,65,5.3,65,5.3,65,5.3,NA,NA,NA,NA,NA,NA,NA,NA,NA,NA,NA,NA,NA,NA,NA,NA,NA,NA,NA,NA,NA,NA,NA,NA,NA,NA,NA,NA,NA,NA,NA,NA,NA,NA,NA,NA,NA,NA,NA,NA,NA,NA,NA
"111-44-4",54,"BIS(2-CHLOROETHYL) ETHER","TOTAL RECOVERABLE","UG/L",NA,0.03,0.5,1,1,120000,6700,120000,6700,120000,6700,NA,NA,NA,NA,NA,NA,NA,NA,NA,NA,NA,NA,NA,NA,NA,NA,NA,NA,NA,NA,NA,NA,NA,NA,NA,NA,NA,NA,NA,NA,NA,NA,NA,NA,NA,NA,NA,NA,NA,NA,NA,NA,NA
"39638-32-9",55,"BIS(2-CHLOROISOPROPYL) ETHER",NA,"UG/L",NA,280,3441,37333,37333,NA,NA,NA,NA,NA,NA,NA,NA,NA,NA,NA,NA,NA,NA,NA,NA,NA,NA,NA,NA,NA,NA,NA,NA,NA,NA,NA,NA,NA,NA,NA,NA,NA,NA,NA,NA,NA,NA,NA,NA,NA,NA,NA,NA,NA,NA,NA,NA,NA
"7440-42-8",56,"BORON","TOTAL RECOVERABLE","UG/L",NA,1400,NA,186667,186667,NA,NA,NA,NA,NA,NA,NA,1000,NA,NA,NA,NA,NA,NA,NA,NA,NA,NA,NA,NA,NA,NA,NA,NA,NA,NA,NA,NA,NA,NA,NA,NA,NA,NA,NA,NA,NA,NA,NA,NA,NA,NA,NA,NA,NA,NA,NA,NA,NA
"7440-43-9",58,"CADMIUM","DISSOLVED","UG/L",NA,NA,NA,NA,NA,NA,NA,NA,NA,NA,NA,NA,NA,NA,NA,NA,NA,NA,NA,NA,NA,NA,NA,NA,NA,1.10167,-4.719,0.04184,0.7409,1.13667,-3.924,0.04184,1.0166,1.13667,-0.969,0.04184,1.128,1.10167,-2.715,0.04184,0.7852,1.13667,-3.6867,0.04184,1.128,1.10167,-2.715,0.04184,0.7852,1.13667,-3.6867,0.04184,1.128,NA
"7440-43-9",59,"CADMIUM","TOTAL RECOVERABLE","UG/L",NA,5,84,700,700,NA,NA,NA,NA,NA,NA,NA,50,50,NA,NA,NA,NA,NA,NA,NA,NA,NA,NA,NA,NA,NA,NA,NA,NA,NA,NA,NA,NA,NA,NA,NA,NA,NA,NA,NA,NA,NA,NA,NA,NA,NA,NA,NA,NA,NA,NA,NA,NA
"1563-66-2",60,"CARBOFURAN",NA,"UG/L",NA,40,NA,4667,4667,650,50,650,50,650,50,NA,NA,NA,NA,NA,NA,NA,NA,NA,NA,NA,NA,NA,NA,NA,NA,NA,NA,NA,NA,NA,NA,NA,NA,NA,NA,NA,NA,NA,NA,NA,NA,NA,NA,NA,NA,NA,NA,NA,NA,NA,NA,NA
"56-23-5",61,"CARBON TETRACHLORIDE",NA,"UG/L",NA,5,2,11,980,18000,1100,18000,1100,18000,1100,NA,NA,NA,NA,NA,NA,NA,NA,NA,NA,NA,NA,NA,NA,NA,NA,NA,NA,NA,NA,NA,NA,NA,NA,NA,NA,NA,NA,NA,NA,NA,NA,NA,NA,NA,NA,NA,NA,NA,NA,NA,NA,NA
"57-74-9",62,"CHLORDANE",NA,"UG/L",NA,2,0.0008,4,467,2.4,0.004,2.4,0.2,2.4,0.2,3.2,NA,NA,NA,NA,NA,NA,NA,NA,NA,NA,NA,NA,NA,NA,NA,NA,NA,NA,NA,NA,NA,NA,NA,NA,NA,NA,NA,NA,NA,NA,NA,NA,NA,NA,NA,NA,NA,NA,NA,NA,NA,NA
"7782-50-5",64,"CHLORINE","TOTAL RESIDUAL","UG/L",NA,4000,NA,4000,4000,19,11,19,11,19,11,NA,NA,NA,NA,NA,NA,NA,NA,NA,NA,NA,NA,NA,NA,NA,NA,NA,NA,NA,NA,NA,NA,NA,NA,NA,NA,NA,NA,NA,NA,NA,NA,NA,NA,NA,NA,NA,NA,NA,NA,NA,NA,NA
"108-90-7",65,"CHLOROBENZENE",NA,"UG/L",NA,100,1553,18667,18667,3800,260,3800,260,3800,260,NA,NA,NA,NA,NA,NA,NA,NA,NA,NA,NA,NA,NA,NA,NA,NA,NA,NA,NA,NA,NA,NA,NA,NA,NA,NA,NA,NA,NA,NA,NA,NA,NA,NA,NA,NA,NA,NA,NA,NA,NA,NA,NA
"124-48-1",66,"CHLORODIBROMOMETHANE","TOTAL RECOVERABLE","UG/L","DIBROMOCHLOROMETHANE",NA,13,18667,18667,NA,NA,NA,NA,NA,NA,NA,NA,NA,NA,NA,NA,NA,NA,NA,NA,NA,NA,NA,NA,NA,NA,NA,NA,NA,NA,NA,NA,NA,NA,NA,NA,NA,NA,NA,NA,NA,NA,NA,NA,NA,NA,NA,NA,NA,NA,NA,NA,NA
"67-66-3",67,"CHLOROFORM",NA,"UG/L",NA,NA,470,230,9333,14000,900,14000,900,14000,900,NA,NA,NA,NA,NA,NA,NA,NA,NA,NA,NA,NA,NA,NA,NA,NA,NA,NA,NA,NA,NA,NA,NA,NA,NA,NA,NA,NA,NA,NA,NA,NA,NA,NA,NA,NA,NA,NA,NA,NA,NA,NA,NA
"74-87-3",68,"CHLOROMETHANE","TOTAL RECOVERABLE","UG/L",NA,NA,NA,NA,NA,270000,15000,270000,15000,270000,15000,NA,NA,NA,NA,NA,NA,NA,NA,NA,NA,NA,NA,NA,NA,NA,NA,NA,NA,NA,NA,NA,NA,NA,NA,NA,NA,NA,NA,NA,NA,NA,NA,NA,NA,NA,NA,NA,NA,NA,NA,NA,NA,NA
"2921-88-2",69,"CHLORPYRIFOS",NA,"UG/L",NA,21,NA,2800,2800,0.08,0.04,0.08,0.04,0.08,0.04,NA,NA,NA,NA,NA,NA,NA,NA,NA,NA,NA,NA,NA,NA,NA,NA,NA,NA,NA,NA,NA,NA,NA,NA,NA,NA,NA,NA,NA,NA,NA,NA,NA,NA,NA,NA,NA,NA,NA,NA,NA,NA,NA
"7440-47-3",70,"CHROMIUM","TOTAL RECOVERABLE","UG/L",NA,100,NA,NA,NA,NA,NA,NA,NA,NA,NA,NA,1000,1000,NA,NA,NA,NA,NA,NA,NA,NA,NA,NA,NA,NA,NA,NA,NA,NA,NA,NA,NA,NA,NA,NA,NA,NA,NA,NA,NA,NA,NA,NA,NA,NA,NA,NA,NA,NA,NA,NA,NA,NA
"16065-83-1",72,"CHROMIUM(III)","DISSOLVED","UG/L",NA,NA,NA,NA,NA,NA,NA,NA,NA,NA,NA,NA,NA,NA,NA,NA,NA,NA,NA,NA,NA,NA,NA,NA,NA,0.86,0.6848,0,0.819,0.316,3.7256,0,0.819,0.316,4.9361,0,0.819,0.86,0.6848,0,0.819,0.316,3.7256,0,0.819,0.86,0.6848,0,0.819,0.316,3.7256,0,0.819,NA
"7440-47-3",73,"CHROMIUM(III)","TOTAL RECOVERABLE","UG/L",NA,NA,75000,1400000,1400000,NA,NA,NA,NA,NA,NA,NA,NA,NA,NA,NA,NA,NA,NA,NA,NA,NA,NA,NA,NA,NA,NA,NA,NA,NA,NA,NA,NA,NA,NA,NA,NA,NA,NA,NA,NA,NA,NA,NA,NA,NA,NA,NA,NA,NA,NA,NA,NA,NA
"18540-29-9",74,"CHROMIUM(VI)","DISSOLVED","UG/L",NA,NA,NA,NA,NA,16,11,16,11,16,11,34,NA,NA,NA,NA,NA,NA,NA,NA,NA,NA,NA,NA,NA,NA,NA,NA,NA,NA,NA,NA,NA,NA,NA,NA,NA,NA,NA,NA,NA,NA,NA,NA,NA,NA,NA,NA,NA,NA,NA,NA,NA,NA
"18540-29-9",75,"CHROMIUM(VI)","TOTAL RECOVERABLE","UG/L",NA,21,150,2800,2800,NA,NA,NA,NA,NA,NA,NA,NA,NA,NA,NA,NA,NA,NA,NA,NA,NA,NA,NA,NA,NA,NA,NA,NA,NA,NA,NA,NA,NA,NA,NA,NA,NA,NA,NA,NA,NA,NA,NA,NA,NA,NA,NA,NA,NA,NA,NA,NA,NA
"218-01-9",76,"CHRYSENE",NA,"UG/L",NA,0.005,0.02,19,NA,NA,NA,NA,NA,NA,NA,NA,NA,NA,NA,NA,NA,NA,NA,NA,NA,NA,NA,NA,NA,NA,NA,NA,NA,NA,NA,NA,NA,NA,NA,NA,NA,NA,NA,NA,NA,NA,NA,NA,NA,NA,NA,NA,NA,NA,NA,NA,NA,NA
"156-59-2",77,"CIS-1,2-DICHLOROETHYLENE",NA,"UG/L","1,2-CIS-DICHLOROETHYLENEE",70,NA,70,70,NA,NA,NA,NA,NA,NA,NA,NA,NA,NA,NA,NA,NA,NA,NA,NA,NA,NA,NA,NA,NA,NA,NA,NA,NA,NA,NA,NA,NA,NA,NA,NA,NA,NA,NA,NA,NA,NA,NA,NA,NA,NA,NA,NA,NA,NA,NA,NA,NA
"10061-01-5",78,"CIS-1,3-DICHLOROPROPENE","TOTAL RECOVERABLE","UG/L",NA,0.7,42,420,28000,3000,1100,3000,1100,3000,1100,NA,NA,NA,NA,NA,NA,NA,NA,NA,NA,NA,NA,NA,NA,NA,NA,NA,NA,NA,NA,NA,NA,NA,NA,NA,NA,NA,NA,NA,NA,NA,NA,NA,NA,NA,NA,NA,NA,NA,NA,NA,NA,NA
"7440-50-8",79,"COPPER","DISSOLVED","UG/L",NA,NA,NA,NA,NA,NA,NA,NA,NA,NA,NA,NA,NA,NA,NA,NA,NA,NA,NA,NA,NA,NA,NA,NA,NA,0.96,-1.702,0,0.8545,0.96,-1.7,0,0.9422,0.96,-1.1514,0,0.9422,0.96,-1.702,0,0.8545,0.96,-1.7,0,0.9422,0.96,-1.702,0,0.8545,0.96,-1.7,0,0.9422,NA
"7440-50-8",80,"COPPER","TOTAL RECOVERABLE","UG/L",NA,1300,NA,1300,1300,NA,NA,NA,NA,NA,NA,NA,5000,500,NA,NA,NA,NA,NA,NA,NA,NA,NA,NA,NA,NA,NA,NA,NA,NA,NA,NA,NA,NA,NA,NA,NA,NA,NA,NA,NA,NA,NA,NA,NA,NA,NA,NA,NA,NA,NA,NA,NA,NA
"966879",82,"CYANIDE","TOTAL RECOVERABLE","UG/L",NA,200,16000,18667,18667,22,5.2,41,9.7,41,9.7,84,NA,200,NA,NA,NA,NA,NA,NA,NA,NA,NA,NA,NA,NA,NA,NA,NA,NA,NA,NA,NA,NA,NA,NA,NA,NA,NA,NA,NA,NA,NA,NA,NA,NA,NA,NA,NA,NA,NA,NA,NA,NA
"75-99-0",83,"DALAPON","TOTAL RECOVERABLE","UG/L",NA,200,8000,28000,28000,NA,NA,NA,NA,NA,NA,NA,NA,NA,NA,NA,NA,NA,NA,NA,NA,NA,NA,NA,NA,NA,NA,NA,NA,NA,NA,NA,NA,NA,NA,NA,NA,NA,NA,NA,NA,NA,NA,NA,NA,NA,NA,NA,NA,NA,NA,NA,NA,NA
NA,84,"DI(2-ETHYLHEXYL) ADIPATE",NA,"UG/L",NA,400,NA,560000,560000,NA,NA,NA,NA,NA,NA,NA,NA,NA,NA,NA,NA,NA,NA,NA,NA,NA,NA,NA,NA,NA,NA,NA,NA,NA,NA,NA,NA,NA,NA,NA,NA,NA,NA,NA,NA,NA,NA,NA,NA,NA,NA,NA,NA,NA,NA,NA,NA,NA
NA,85,"DI(2-ETHYLHEXYL) PHTHALATE",NA,"UG/L",NA,6,3,100,18667,400,360,400,360,400,360,3100,NA,NA,NA,NA,NA,NA,NA,NA,NA,NA,NA,NA,NA,NA,NA,NA,NA,NA,NA,NA,NA,NA,NA,NA,NA,NA,NA,NA,NA,NA,NA,NA,NA,NA,NA,NA,NA,NA,NA,NA,NA,NA
"117-84-0",86,"DI-N-OCTYL PHTHALATE",NA,"UG/L",NA,2800,NA,373333,373333,NA,NA,NA,NA,NA,NA,NA,NA,NA,NA,NA,NA,NA,NA,NA,NA,NA,NA,NA,NA,NA,NA,NA,NA,NA,NA,NA,NA,NA,NA,NA,NA,NA,NA,NA,NA,NA,NA,NA,NA,NA,NA,NA,NA,NA,NA,NA,NA,NA
NA,87,"DIBENZ[A,H]ANTHRACENE",NA,"UG/L",NA,0.005,0.02,1.9,1.9,NA,NA,NA,NA,NA,NA,NA,NA,NA,NA,NA,NA,NA,NA,NA,NA,NA,NA,NA,NA,NA,NA,NA,NA,NA,NA,NA,NA,NA,NA,NA,NA,NA,NA,NA,NA,NA,NA,NA,NA,NA,NA,NA,NA,NA,NA,NA,NA,NA
"84-74-2",88,"DIBUTYL PHTHALATE",NA,"UG/L",NA,700,899,93333,93333,470,35,470,35,470,35,1100,NA,NA,NA,NA,NA,NA,NA,NA,NA,NA,NA,NA,NA,NA,NA,NA,NA,NA,NA,NA,NA,NA,NA,NA,NA,NA,NA,NA,NA,NA,NA,NA,NA,NA,NA,NA,NA,NA,NA,NA,NA,NA
"75-27-4",89,"DICHLOROBROMOMETHANE","TOTAL RECOVERABLE","UG/L","BROMODICHLOROMETHANE",NA,17,NA,18667,NA,NA,NA,NA,NA,NA,NA,NA,NA,NA,NA,NA,NA,NA,NA,NA,NA,NA,NA,NA,NA,NA,NA,NA,NA,NA,NA,NA,NA,NA,NA,NA,NA,NA,NA,NA,NA,NA,NA,NA,NA,NA,NA,NA,NA,NA,NA,NA,NA
"60-57-1",90,"DIELDRIN",NA,"UG/L",NA,0.002,0.00005,0.09,47,0.2,0.06,0.2,0.06,0.2,0.06,4,0.003,NA,NA,NA,NA,NA,NA,NA,NA,NA,NA,NA,NA,NA,NA,NA,NA,NA,NA,NA,NA,NA,NA,NA,NA,NA,NA,NA,NA,NA,NA,NA,NA,NA,NA,NA,NA,NA,NA,NA,NA,NA
"84-66-2",91,"DIETHYL PHTHALATE",NA,"UG/L",NA,5600,8767,746667,746667,26000,1600,26000,1600,26000,1600,NA,NA,NA,NA,NA,NA,NA,NA,NA,NA,NA,NA,NA,NA,NA,NA,NA,NA,NA,NA,NA,NA,NA,NA,NA,NA,NA,NA,NA,NA,NA,NA,NA,NA,NA,NA,NA,NA,NA,NA,NA,NA,NA
"131-11-3",92,"DIMETHYL PHTHALATE",NA,"UG/L",NA,NA,NA,NA,NA,17000,1000,17000,1000,17000,1000,NA,NA,NA,NA,NA,NA,NA,NA,NA,NA,NA,NA,NA,NA,NA,NA,NA,NA,NA,NA,NA,NA,NA,NA,NA,NA,NA,NA,NA,NA,NA,NA,NA,NA,NA,NA,NA,NA,NA,NA,NA,NA,NA
"88-85-7",93,"DINOSEB",NA,"UG/L",NA,7,NA,933,933,NA,NA,NA,NA,NA,NA,NA,NA,NA,NA,NA,NA,NA,NA,NA,NA,NA,NA,NA,NA,NA,NA,NA,NA,NA,NA,NA,NA,NA,NA,NA,NA,NA,NA,NA,NA,NA,NA,NA,NA,NA,NA,NA,NA,NA,NA,NA,NA,NA
NA,94,"DIQUAT",NA,"UG/L",NA,20,NA,2053,2053,NA,NA,NA,NA,NA,NA,NA,NA,NA,NA,NA,NA,NA,NA,NA,NA,NA,NA,NA,NA,NA,NA,NA,NA,NA,NA,NA,NA,NA,NA,NA,NA,NA,NA,NA,NA,NA,NA,NA,NA,NA,NA,NA,NA,NA,NA,NA,NA,NA
"1736457",95,"DISSOLVED OXYGEN (DO)","DISSOLVED","MG/L",NA,NA,NA,NA,NA,NA,NA,NA,NA,NA,NA,NA,NA,NA,7,3,6,NA,NA,NA,NA,NA,NA,NA,NA,NA,NA,NA,NA,NA,NA,NA,NA,NA,NA,NA,NA,NA,NA,NA,NA,NA,NA,NA,NA,NA,NA,NA,NA,NA,NA,NA,NA,NA
"1031-07-8",96,"ENDOSULFAN SULFATE",NA,"UG/L",NA,42,18,5600,5600,0.2,0.06,0.2,0.06,0.2,0.06,3,NA,NA,NA,NA,NA,NA,NA,NA,NA,NA,NA,NA,NA,NA,NA,NA,NA,NA,NA,NA,NA,NA,NA,NA,NA,NA,NA,NA,NA,NA,NA,NA,NA,NA,NA,NA,NA,NA,NA,NA,NA,NA
NA,97,"ENDOTHALL",NA,"UG/L",NA,100,NA,18667,18667,NA,NA,NA,NA,NA,NA,NA,NA,NA,NA,NA,NA,NA,NA,NA,NA,NA,NA,NA,NA,NA,NA,NA,NA,NA,NA,NA,NA,NA,NA,NA,NA,NA,NA,NA,NA,NA,NA,NA,NA,NA,NA,NA,NA,NA,NA,NA,NA,NA
"72-20-8",98,"ENDRIN",NA,"UG/L",NA,2,0.06,280,280,0.09,0.04,0.09,0.04,0.09,0.04,0.7,0.004,0.004,NA,NA,NA,NA,NA,NA,NA,NA,NA,NA,NA,NA,NA,NA,NA,NA,NA,NA,NA,NA,NA,NA,NA,NA,NA,NA,NA,NA,NA,NA,NA,NA,NA,NA,NA,NA,NA,NA,NA,NA
"7421-93-4",99,"ENDRIN ALDEHYDE",NA,"UG/L",NA,NA,NA,NA,NA,0.09,0.04,0.09,0.04,0.09,0.04,0.7,NA,NA,NA,NA,NA,NA,NA,NA,NA,NA,NA,NA,NA,NA,NA,NA,NA,NA,NA,NA,NA,NA,NA,NA,NA,NA,NA,NA,NA,NA,NA,NA,NA,NA,NA,NA,NA,NA,NA,NA,NA,NA
"68583-22-2",100,"ESCHERICHIA COLI","TOTAL RECOVERABLE","CFU/100ML",NA,NA,NA,235,575,NA,NA,NA,NA,NA,NA,NA,NA,NA,NA,NA,NA,NA,NA,NA,NA,NA,NA,NA,NA,NA,NA,NA,NA,NA,NA,NA,NA,NA,NA,NA,NA,NA,NA,NA,NA,NA,NA,NA,NA,NA,NA,NA,NA,NA,NA,NA,NA,NA
NA,101,"ESCHERICHIA COLI","TOTAL RECOVERABLE","MPN/100ML",NA,NA,NA,235,575,NA,NA,NA,NA,NA,NA,NA,NA,NA,NA,NA,NA,NA,NA,NA,NA,NA,NA,NA,NA,NA,NA,NA,NA,NA,NA,NA,NA,NA,NA,NA,NA,NA,NA,NA,NA,NA,NA,NA,NA,NA,NA,NA,NA,NA,NA,NA,NA,NA
"100-41-4",102,"ETHYLBENZENE",NA,"UG/L",NA,700,2133,93333,93333,23000,1400,23000,1400,23000,1400,NA,NA,NA,NA,NA,NA,NA,NA,NA,NA,NA,NA,NA,NA,NA,NA,NA,NA,NA,NA,NA,NA,NA,NA,NA,NA,NA,NA,NA,NA,NA,NA,NA,NA,NA,NA,NA,NA,NA,NA,NA,NA,NA
"106-93-4",103,"ETHYLENE DIBROMIDE","TOTAL RECOVERABLE","UG/L","1,2- DIBROMOETHANE",0.05,NA,8400,8400,NA,NA,NA,NA,NA,NA,NA,NA,NA,NA,NA,NA,NA,NA,NA,NA,NA,NA,NA,NA,NA,NA,NA,NA,NA,NA,NA,NA,NA,NA,NA,NA,NA,NA,NA,NA,NA,NA,NA,NA,NA,NA,NA,NA,NA,NA,NA,NA,NA
"206-44-0",104,"FLUORANTHENE",NA,"UG/L",NA,280,28,37333,37333,2000,1600,2000,1600,2000,1600,NA,NA,NA,NA,NA,NA,NA,NA,NA,NA,NA,NA,NA,NA,NA,NA,NA,NA,NA,NA,NA,NA,NA,NA,NA,NA,NA,NA,NA,NA,NA,NA,NA,NA,NA,NA,NA,NA,NA,NA,NA,NA,NA
"86-73-7",105,"FLUORENE",NA,"UG/L",NA,280,1067,37333,37333,NA,NA,NA,NA,NA,NA,NA,NA,NA,NA,NA,NA,NA,NA,NA,NA,NA,NA,NA,NA,NA,NA,NA,NA,NA,NA,NA,NA,NA,NA,NA,NA,NA,NA,NA,NA,NA,NA,NA,NA,NA,NA,NA,NA,NA,NA,NA,NA,NA
"16984-48-8",106,"FLUORIDE","TOTAL RECOVERABLE","UG/L",NA,4000,NA,140000,140000,NA,NA,NA,NA,NA,NA,NA,NA,NA,NA,NA,NA,NA,NA,NA,NA,NA,NA,NA,NA,NA,NA,NA,NA,NA,NA,NA,NA,NA,NA,NA,NA,NA,NA,NA,NA,NA,NA,NA,NA,NA,NA,NA,NA,NA,NA,NA,NA,NA
NA,107,"GLYPHOSATE",NA,"UG/L",NA,700,266667,93333,93333,NA,NA,NA,NA,NA,NA,NA,NA,NA,NA,NA,NA,NA,NA,NA,NA,NA,NA,NA,NA,NA,NA,NA,NA,NA,NA,NA,NA,NA,NA,NA,NA,NA,NA,NA,NA,NA,NA,NA,NA,NA,NA,NA,NA,NA,NA,NA,NA,NA
"76-44-8",108,"HEPTACHLOR",NA,"UG/L",NA,0.4,0.00008,0.4,467,0.5,0.004,0.5,0.004,0.6,0.01,0.9,NA,NA,NA,NA,NA,NA,NA,NA,NA,NA,NA,NA,NA,NA,NA,NA,NA,NA,NA,NA,NA,NA,NA,NA,NA,NA,NA,NA,NA,NA,NA,NA,NA,NA,NA,NA,NA,NA,NA,NA,NA,NA
"1024-57-3",109,"HEPTACHLOR EPOXIDE",NA,"UG/L",NA,0.2,0.00004,0.2,12,0.5,0.004,0.5,0.004,0.6,0.01,0.9,NA,NA,NA,NA,NA,NA,NA,NA,NA,NA,NA,NA,NA,NA,NA,NA,NA,NA,NA,NA,NA,NA,NA,NA,NA,NA,NA,NA,NA,NA,NA,NA,NA,NA,NA,NA,NA,NA,NA,NA,NA,NA
"118-74-1",110,"HEXACHLOROBENZENE",NA,"UG/L",NA,1,0.0003,1,747,6,3.7,6,3.7,6,3.7,NA,NA,NA,NA,NA,NA,NA,NA,NA,NA,NA,NA,NA,NA,NA,NA,NA,NA,NA,NA,NA,NA,NA,NA,NA,NA,NA,NA,NA,NA,NA,NA,NA,NA,NA,NA,NA,NA,NA,NA,NA,NA,NA
"87-68-3",111,"HEXACHLOROBUTADIENE",NA,"UG/L",NA,0.4,18,18,187,45,8.2,45,8.2,45,8.2,NA,NA,NA,NA,NA,NA,NA,NA,NA,NA,NA,NA,NA,NA,NA,NA,NA,NA,NA,NA,NA,NA,NA,NA,NA,NA,NA,NA,NA,NA,NA,NA,NA,NA,NA,NA,NA,NA,NA,NA,NA,NA,NA
"77-47-4",112,"HEXACHLOROCYCLOPENTADIENE",NA,"UG/L",NA,50,74,11200,11200,3.5,0.3,3.5,0.3,3.5,0.3,NA,NA,NA,NA,NA,NA,NA,NA,NA,NA,NA,NA,NA,NA,NA,NA,NA,NA,NA,NA,NA,NA,NA,NA,NA,NA,NA,NA,NA,NA,NA,NA,NA,NA,NA,NA,NA,NA,NA,NA,NA,NA,NA
"67-72-1",113,"HEXACHLOROETHANE",NA,"UG/L",NA,2.5,3.3,100,933,490,350,490,350,490,350,850,NA,NA,NA,NA,NA,NA,NA,NA,NA,NA,NA,NA,NA,NA,NA,NA,NA,NA,NA,NA,NA,NA,NA,NA,NA,NA,NA,NA,NA,NA,NA,NA,NA,NA,NA,NA,NA,NA,NA,NA,NA,NA
NA,114,"HYDROGEN SULFIDE",NA,"UG/L",NA,NA,NA,NA,NA,NA,2,NA,2,NA,2,NA,NA,NA,NA,NA,NA,NA,NA,NA,NA,NA,NA,NA,NA,NA,NA,NA,NA,NA,NA,NA,NA,NA,NA,NA,NA,NA,NA,NA,NA,NA,NA,NA,NA,NA,NA,NA,NA,NA,NA,NA,NA,NA
"193-39-5",115,"INDENO[1,2,3-CD]PYRENE",NA,"UG/L",NA,0.05,0.49,1.9,1.9,NA,NA,NA,NA,NA,NA,NA,NA,NA,NA,NA,NA,NA,NA,NA,NA,NA,NA,NA,NA,NA,NA,NA,NA,NA,NA,NA,NA,NA,NA,NA,NA,NA,NA,NA,NA,NA,NA,NA,NA,NA,NA,NA,NA,NA,NA,NA,NA,NA
"7439-89-6",116,"IRON","DISSOLVED","UG/L",NA,NA,NA,NA,NA,NA,1000,NA,1000,NA,1000,NA,NA,NA,NA,NA,NA,NA,NA,NA,NA,NA,NA,NA,NA,NA,NA,NA,NA,NA,NA,NA,NA,NA,NA,NA,NA,NA,NA,NA,NA,NA,NA,NA,NA,NA,NA,NA,NA,NA,NA,NA,NA,NA
"78-59-1",117,"ISOPHORONE",NA,"UG/L",NA,37,961,1500,186667,59000,43000,59000,43000,59000,43000,NA,NA,NA,NA,NA,NA,NA,NA,NA,NA,NA,NA,NA,NA,NA,NA,NA,NA,NA,NA,NA,NA,NA,NA,NA,NA,NA,NA,NA,NA,NA,NA,NA,NA,NA,NA,NA,NA,NA,NA,NA,NA,NA
"7439-92-1",118,"LEAD","DISSOLVED","UG/L",NA,NA,NA,NA,NA,NA,NA,NA,NA,NA,NA,NA,NA,NA,NA,NA,NA,NA,NA,NA,NA,NA,NA,NA,NA,1.46203,-4.705,0.14571,1.273,1.46203,-1.46,0.14571,1.273,1.46203,-0.7131,0.14571,1.273,1.46203,-4.705,0.14571,1.273,1.46203,-1.46,0.14571,1.273,1.46203,-4.705,0.14571,1.273,1.46203,-1.46,0.14571,1.273,NA
"7439-92-1",119,"LEAD","TOTAL RECOVERABLE","UG/L",NA,15,NA,15,15,NA,NA,NA,NA,NA,NA,NA,10000,100,NA,NA,NA,NA,NA,NA,NA,NA,NA,NA,NA,NA,NA,NA,NA,NA,NA,NA,NA,NA,NA,NA,NA,NA,NA,NA,NA,NA,NA,NA,NA,NA,NA,NA,NA,NA,NA,NA,NA,NA
"58-89-9",120,"LINDANE","DISSOLVED","UG/L","HEXACHLOROCYCLOHEXANE GAMMA (LINDANE)",0.2,1.8,280,280,1,0.08,1,0.28,1,0.61,11,NA,NA,NA,NA,NA,NA,NA,NA,NA,NA,NA,NA,NA,NA,NA,NA,NA,NA,NA,NA,NA,NA,NA,NA,NA,NA,NA,NA,NA,NA,NA,NA,NA,NA,NA,NA,NA,NA,NA,NA,NA,NA
"541-73-1",123,"M-DICHLOROBENZENE","TOTAL RECOVERABLE","UG/L","1,3-DICHLOROBENZENE",NA,NA,NA,NA,2500,970,2500,970,2500,970,NA,NA,NA,NA,NA,NA,NA,NA,NA,NA,NA,NA,NA,NA,NA,NA,NA,NA,NA,NA,NA,NA,NA,NA,NA,NA,NA,NA,NA,NA,NA,NA,NA,NA,NA,NA,NA,NA,NA,NA,NA,NA,NA
"121-75-5",124,"MALATHION",NA,"UG/L",NA,140,NA,18667,18667,NA,0.1,NA,0.1,NA,0.1,NA,NA,NA,NA,NA,NA,NA,NA,NA,NA,NA,NA,NA,NA,NA,NA,NA,NA,NA,NA,NA,NA,NA,NA,NA,NA,NA,NA,NA,NA,NA,NA,NA,NA,NA,NA,NA,NA,NA,NA,NA,NA,NA
"7439-96-5",125,"MANGANESE",NA,"UG/L",NA,980,NA,130667,130667,NA,NA,NA,NA,NA,NA,NA,10000,NA,NA,NA,NA,NA,NA,NA,NA,NA,NA,NA,NA,NA,NA,NA,NA,NA,NA,NA,NA,NA,NA,NA,NA,NA,NA,NA,NA,NA,NA,NA,NA,NA,NA,NA,NA,NA,NA,NA,NA,NA
"7439-97-6",126,"MERCURY","DISSOLVED","UG/L",NA,NA,NA,NA,NA,2.4,0.01,2.4,0.01,2.4,0.01,5,NA,NA,NA,NA,NA,NA,NA,NA,NA,NA,NA,NA,NA,NA,NA,NA,NA,NA,NA,NA,NA,NA,NA,NA,NA,NA,NA,NA,NA,NA,NA,NA,NA,NA,NA,NA,NA,NA,NA,NA,NA,NA
"7439-97-6",127,"MERCURY","TOTAL RECOVERABLE","UG/L",NA,2,NA,280,280,NA,NA,NA,NA,NA,NA,NA,NA,10,NA,NA,NA,NA,NA,NA,NA,NA,NA,NA,NA,NA,NA,NA,NA,NA,NA,NA,NA,NA,NA,NA,NA,NA,NA,NA,NA,NA,NA,NA,NA,NA,NA,NA,NA,NA,NA,NA,NA,NA
"72-43-5",129,"METHOXYCHLOR",NA,"UG/L",NA,40,NA,4667,4667,NA,0.03,NA,0.03,NA,0.03,NA,NA,NA,NA,NA,NA,NA,NA,NA,NA,NA,NA,NA,NA,NA,NA,NA,NA,NA,NA,NA,NA,NA,NA,NA,NA,NA,NA,NA,NA,NA,NA,NA,NA,NA,NA,NA,NA,NA,NA,NA,NA,NA
"74-83-9",130,"METHYL BROMIDE","TOTAL RECOVERABLE","UG/L","BROMOMETHANE",9.8,299,1307,1307,5500,360,5500,360,5500,360,NA,NA,NA,NA,NA,NA,NA,NA,NA,NA,NA,NA,NA,NA,NA,NA,NA,NA,NA,NA,NA,NA,NA,NA,NA,NA,NA,NA,NA,NA,NA,NA,NA,NA,NA,NA,NA,NA,NA,NA,NA,NA,NA
"75-09-2",131,"METHYLENE CHLORIDE","TOTAL RECOVERABLE","UG/L","DICHLOROMETHANE",5,593,190,56000,97000,5500,97000,5500,97000,5500,NA,NA,NA,NA,NA,NA,NA,NA,NA,NA,NA,NA,NA,NA,NA,NA,NA,NA,NA,NA,NA,NA,NA,NA,NA,NA,NA,NA,NA,NA,NA,NA,NA,NA,NA,NA,NA,NA,NA,NA,NA,NA,NA
"2385-85-5",132,"MIREX",NA,"UG/L",NA,1,NA,187,187,NA,0.001,NA,0.001,NA,0.001,NA,NA,NA,NA,NA,NA,NA,NA,NA,NA,NA,NA,NA,NA,NA,NA,NA,NA,NA,NA,NA,NA,NA,NA,NA,NA,NA,NA,NA,NA,NA,NA,NA,NA,NA,NA,NA,NA,NA,NA,NA,NA,NA
"621-64-7",133,"N-NITROSODI-N-PROPYLAMINE",NA,"UG/L",NA,0.005,0.5,0.2,88667,NA,NA,NA,NA,NA,NA,NA,NA,NA,NA,NA,NA,NA,NA,NA,NA,NA,NA,NA,NA,NA,NA,NA,NA,NA,NA,NA,NA,NA,NA,NA,NA,NA,NA,NA,NA,NA,NA,NA,NA,NA,NA,NA,NA,NA,NA,NA,NA,NA
"62-75-9",134,"N-NITROSODIMETHYLAMINE",NA,"UG/L",NA,0.001,3,0.03,0.03,NA,NA,NA,NA,NA,NA,NA,NA,NA,NA,NA,NA,NA,NA,NA,NA,NA,NA,NA,NA,NA,NA,NA,NA,NA,NA,NA,NA,NA,NA,NA,NA,NA,NA,NA,NA,NA,NA,NA,NA,NA,NA,NA,NA,NA,NA,NA,NA,NA
"86-30-6",135,"N-NITROSODIPHENYLAMINE",NA,"UG/L","N-NITROSODI-N-PHENYLAMINE",7.1,6,290,290,2900,200,2900,200,2900,200,NA,NA,NA,NA,NA,NA,NA,NA,NA,NA,NA,NA,NA,NA,NA,NA,NA,NA,NA,NA,NA,NA,NA,NA,NA,NA,NA,NA,NA,NA,NA,NA,NA,NA,NA,NA,NA,NA,NA,NA,NA,NA,NA
"91-20-3",136,"NAPHTHALENE",NA,"UG/L",NA,140,1524,18667,18667,1100,210,3200,580,3200,580,NA,NA,NA,NA,NA,NA,NA,NA,NA,NA,NA,NA,NA,NA,NA,NA,NA,NA,NA,NA,NA,NA,NA,NA,NA,NA,NA,NA,NA,NA,NA,NA,NA,NA,NA,NA,NA,NA,NA,NA,NA,NA,NA
"7440-02-0",137,"NICKEL","DISSOLVED","UG/L",NA,NA,NA,NA,NA,NA,NA,NA,NA,NA,NA,NA,NA,NA,NA,NA,NA,NA,NA,NA,NA,NA,NA,NA,NA,0.997,0.0584,0,0.86,0.998,2.255,0,0.86,0.998,4.4389,0,0.86,0.997,0.0584,0,0.86,0.998,2.255,0,0.86,0.997,0.0584,0,0.86,0.998,2.255,0,0.86,NA
"7440-02-0",138,"NICKEL","TOTAL RECOVERABLE","UG/L",NA,210,511,28000,28000,NA,NA,NA,NA,NA,NA,NA,NA,NA,NA,NA,NA,NA,NA,NA,NA,NA,NA,NA,NA,NA,NA,NA,NA,NA,NA,NA,NA,NA,NA,NA,NA,NA,NA,NA,NA,NA,NA,NA,NA,NA,NA,NA,NA,NA,NA,NA,NA,NA
"14797-55-8",139,"NITRATE","TOTAL RECOVERABLE","UG/L",NA,10000,NA,3733333,3733333,NA,NA,NA,NA,NA,NA,NA,NA,NA,NA,NA,NA,NA,NA,NA,NA,NA,NA,NA,NA,NA,NA,NA,NA,NA,NA,NA,NA,NA,NA,NA,NA,NA,NA,NA,NA,NA,NA,NA,NA,NA,NA,NA,NA,NA,NA,NA,NA,NA
"14797-65-0",140,"NITRITE","TOTAL RECOVERABLE","UG/L",NA,1000,NA,233333,233333,NA,NA,NA,NA,NA,NA,NA,NA,NA,NA,NA,NA,NA,NA,NA,NA,NA,NA,NA,NA,NA,NA,NA,NA,NA,NA,NA,NA,NA,NA,NA,NA,NA,NA,NA,NA,NA,NA,NA,NA,NA,NA,NA,NA,NA,NA,NA,NA,NA
"98-95-3",141,"NITROBENZENE",NA,"UG/L",NA,3.5,138,467,467,1300,850,1300,850,1300,850,NA,NA,NA,NA,NA,NA,NA,NA,NA,NA,NA,NA,NA,NA,NA,NA,NA,NA,NA,NA,NA,NA,NA,NA,NA,NA,NA,NA,NA,NA,NA,NA,NA,NA,NA,NA,NA,NA,NA,NA,NA,NA,NA
"701177",142,"NITROGEN (NITRATE AND NITRITE), INORGANIC","TOTAL RECOVERABLE","UG/L",NA,10000,NA,NA,NA,NA,NA,NA,NA,NA,NA,NA,NA,NA,NA,NA,NA,NA,NA,NA,NA,NA,NA,NA,NA,NA,NA,NA,NA,NA,NA,NA,NA,NA,NA,NA,NA,NA,NA,NA,NA,NA,NA,NA,NA,NA,NA,NA,NA,NA,NA,NA,NA,NA
"95-57-8",143,"O-CHLOROPHENOL","TOTAL RECOVERABLE","UG/L","2-CHLOROPHENOL",35,30,4667,4667,2200,150,2200,150,2200,150,NA,NA,NA,NA,NA,NA,NA,NA,NA,NA,NA,NA,NA,NA,NA,NA,NA,NA,NA,NA,NA,NA,NA,NA,NA,NA,NA,NA,NA,NA,NA,NA,NA,NA,NA,NA,NA,NA,NA,NA,NA,NA,NA
"95-50-1",144,"O-DICHLOROBENZENE","TOTAL RECOVERABLE","UG/L","1,2-DICHLOROBENZENE",600,205,84000,84000,790,300,1200,470,1200,470,5900,NA,NA,NA,NA,NA,NA,NA,NA,NA,NA,NA,NA,NA,NA,NA,NA,NA,NA,NA,NA,NA,NA,NA,NA,NA,NA,NA,NA,NA,NA,NA,NA,NA,NA,NA,NA,NA,NA,NA,NA,NA,NA
"23135-22-0",146,"OXAMYL",NA,"UG/L",NA,200,NA,23333,23333,NA,NA,NA,NA,NA,NA,NA,NA,NA,NA,NA,NA,NA,NA,NA,NA,NA,NA,NA,NA,NA,NA,NA,NA,NA,NA,NA,NA,NA,NA,NA,NA,NA,NA,NA,NA,NA,NA,NA,NA,NA,NA,NA,NA,NA,NA,NA,NA,NA
"72-54-8",147,"P,P'-DDD",NA,"UG/L",NA,0.1,0.0002,4,467,1.1,0.001,1.1,0.001,1.1,0.001,1.1,0.001,0.001,NA,NA,NA,NA,NA,NA,NA,NA,NA,NA,NA,NA,NA,NA,NA,NA,NA,NA,NA,NA,NA,NA,NA,NA,NA,NA,NA,NA,NA,NA,NA,NA,NA,NA,NA,NA,NA,NA,NA,NA
"72-55-9",148,"P,P'-DDE",NA,"UG/L",NA,0.1,0.0002,4,467,1.1,0.001,1.1,0.001,1.1,0.001,1.1,0.001,0.001,NA,NA,NA,NA,NA,NA,NA,NA,NA,NA,NA,NA,NA,NA,NA,NA,NA,NA,NA,NA,NA,NA,NA,NA,NA,NA,NA,NA,NA,NA,NA,NA,NA,NA,NA,NA,NA,NA,NA,NA
"50-29-3",149,"P,P'-DDT",NA,"UG/L","P,P'-DICHLORODIPHENYLTRI- CHLOROETHANE (DDT) AND METABOLITES (DDD) AND (DDE)",0.1,0.0002,4,467,1.1,0.001,1.1,0.001,1.1,0.001,1.1,0.001,0.001,NA,NA,NA,NA,NA,NA,NA,NA,NA,NA,NA,NA,NA,NA,NA,NA,NA,NA,NA,NA,NA,NA,NA,NA,NA,NA,NA,NA,NA,NA,NA,NA,NA,NA,NA,NA,NA,NA,NA,NA
"101-55-3",150,"P-BROMOPHENYL PHENYL ETHER","TOTAL RECOVERABLE","UG/L","P-BROMODIPHENYL ETHER",NA,NA,NA,NA,180,14,180,14,180,14,NA,NA,NA,NA,NA,NA,NA,NA,NA,NA,NA,NA,NA,NA,NA,NA,NA,NA,NA,NA,NA,NA,NA,NA,NA,NA,NA,NA,NA,NA,NA,NA,NA,NA,NA,NA,NA,NA,NA,NA,NA,NA,NA
"59-50-7",151,"P-CHLORO-M-CRESOL","TOTAL RECOVERABLE","UG/L",NA,NA,NA,NA,NA,15,4.7,15,4.7,15,4.7,48000,NA,NA,NA,NA,NA,NA,NA,NA,NA,NA,NA,NA,NA,NA,NA,NA,NA,NA,NA,NA,NA,NA,NA,NA,NA,NA,NA,NA,NA,NA,NA,NA,NA,NA,NA,NA,NA,NA,NA,NA,NA,NA
"106-46-7",152,"P-DICHLOROBENZENE","TOTAL RECOVERABLE","UG/L","1,4-DICHLOROBENZENE",75,5755,373333,373333,560,210,2000,780,2000,780,6500,NA,NA,NA,NA,NA,NA,NA,NA,NA,NA,NA,NA,NA,NA,NA,NA,NA,NA,NA,NA,NA,NA,NA,NA,NA,NA,NA,NA,NA,NA,NA,NA,NA,NA,NA,NA,NA,NA,NA,NA,NA,NA
"100-02-7",153,"P-NITROPHENOL",NA,"UG/L",NA,NA,NA,NA,NA,4100,3000,4100,3000,4100,3000,NA,NA,NA,NA,NA,NA,NA,NA,NA,NA,NA,NA,NA,NA,NA,NA,NA,NA,NA,NA,NA,NA,NA,NA,NA,NA,NA,NA,NA,NA,NA,NA,NA,NA,NA,NA,NA,NA,NA,NA,NA,NA,NA
NA,154,"PARAQUAT",NA,"UG/L",NA,32,NA,4200,4200,100,54,100,54,100,54,NA,NA,NA,NA,NA,NA,NA,NA,NA,NA,NA,NA,NA,NA,NA,NA,NA,NA,NA,NA,NA,NA,NA,NA,NA,NA,NA,NA,NA,NA,NA,NA,NA,NA,NA,NA,NA,NA,NA,NA,NA,NA,NA
"56-38-2",155,"PARATHION",NA,"UG/L",NA,NA,NA,NA,NA,0.07,0.01,0.07,0.01,0.07,0.01,NA,NA,NA,NA,NA,NA,NA,NA,NA,NA,NA,NA,NA,NA,NA,NA,NA,NA,NA,NA,NA,NA,NA,NA,NA,NA,NA,NA,NA,NA,NA,NA,NA,NA,NA,NA,NA,NA,NA,NA,NA,NA,NA
"1336-36-3",156,"PCBS",NA,"UG/L","POLYCHLORINATED BIPHENYLS",0.5,0.00006,19,19,2,0.01,2,0.02,2,0.02,11,0.001,0.001,NA,NA,NA,NA,NA,NA,NA,NA,NA,NA,NA,NA,NA,NA,NA,NA,NA,NA,NA,NA,NA,NA,NA,NA,NA,NA,NA,NA,NA,NA,NA,NA,NA,NA,NA,NA,NA,NA,NA,NA
"87-86-5",157,"PENTACHLOROPHENOL",NA,"UG/L",NA,1,370,12,28000,NA,NA,NA,NA,NA,NA,NA,NA,NA,NA,NA,NA,NA,NA,NA,NA,NA,NA,NA,NA,NA,NA,NA,NA,NA,NA,NA,NA,NA,NA,NA,NA,NA,NA,NA,NA,NA,NA,NA,NA,NA,NA,NA,NA,NA,NA,NA,NA,NA
"52645-53-1",158,"PERMETHRIN",NA,"UG/L",NA,350,NA,46667,46667,0.3,0.2,0.3,0.2,0.3,0.2,NA,NA,NA,NA,NA,NA,NA,NA,NA,NA,NA,NA,NA,NA,NA,NA,NA,NA,NA,NA,NA,NA,NA,NA,NA,NA,NA,NA,NA,NA,NA,NA,NA,NA,NA,NA,NA,NA,NA,NA,NA,NA,NA
"1644285",159,"PH",NA,"SU",NA,9,NA,9,9,9,9,9,9,9,9,9,9,9,6.5,6.5,6.5,4.5,6.5,6.5,5,6.5,6.5,NA,NA,NA,NA,NA,NA,NA,NA,NA,NA,NA,NA,NA,NA,NA,NA,NA,NA,NA,NA,NA,NA,NA,NA,NA,NA,NA,NA,NA,NA,NA
"85-01-8",160,"PHENANTHRENE",NA,"UG/L",NA,NA,NA,NA,NA,30,6.3,30,6.3,30,6.3,NA,NA,NA,NA,NA,NA,NA,NA,NA,NA,NA,NA,NA,NA,NA,NA,NA,NA,NA,NA,NA,NA,NA,NA,NA,NA,NA,NA,NA,NA,NA,NA,NA,NA,NA,NA,NA,NA,NA,NA,NA,NA,NA
"108-95-2",161,"PHENOL",NA,"UG/L",NA,2100,37,280000,280000,5100,730,7000,1000,7000,1000,180000,NA,NA,NA,NA,NA,NA,NA,NA,NA,NA,NA,NA,NA,NA,NA,NA,NA,NA,NA,NA,NA,NA,NA,NA,NA,NA,NA,NA,NA,NA,NA,NA,NA,NA,NA,NA,NA,NA,NA,NA,NA,NA
"2/1/1918",162,"PICLORAM",NA,"UG/L",NA,500,2710,65333,65333,NA,NA,NA,NA,NA,NA,NA,NA,NA,NA,NA,NA,NA,NA,NA,NA,NA,NA,NA,NA,NA,NA,NA,NA,NA,NA,NA,NA,NA,NA,NA,NA,NA,NA,NA,NA,NA,NA,NA,NA,NA,NA,NA,NA,NA,NA,NA,NA,NA
"129-00-0",163,"PYRENE",NA,"UG/L",NA,210,800,28000,28000,NA,NA,NA,NA,NA,NA,NA,NA,NA,NA,NA,NA,NA,NA,NA,NA,NA,NA,NA,NA,NA,NA,NA,NA,NA,NA,NA,NA,NA,NA,NA,NA,NA,NA,NA,NA,NA,NA,NA,NA,NA,NA,NA,NA,NA,NA,NA,NA,NA
"7782-49-2",165,"SELENIUM","TOTAL RECOVERABLE","UG/L",NA,50,667,4667,4667,NA,2,NA,2,NA,2,33,20,50,NA,NA,NA,NA,NA,NA,NA,NA,NA,NA,NA,NA,NA,NA,NA,NA,NA,NA,NA,NA,NA,NA,NA,NA,NA,NA,NA,NA,NA,NA,NA,NA,NA,NA,NA,NA,NA,NA,NA,NA
"7440-22-4",166,"SILVER","DISSOLVED","UG/L",NA,NA,NA,NA,NA,NA,NA,NA,NA,NA,NA,NA,NA,NA,NA,NA,NA,NA,NA,NA,NA,NA,NA,NA,NA,NA,NA,NA,NA,0.85,-6.59,0,1.72,0.85,-6.59,0,1.72,NA,NA,NA,NA,0.85,-6.59,0,1.72,NA,NA,NA,NA,0.85,-6.59,0,1.72,NA
"7440-22-4",167,"SILVER","TOTAL RECOVERABLE","UG/L",NA,35,8000,4667,4667,NA,NA,NA,NA,NA,NA,NA,NA,NA,NA,NA,NA,NA,NA,NA,NA,NA,NA,NA,NA,NA,NA,NA,NA,NA,NA,NA,NA,NA,NA,NA,NA,NA,NA,NA,NA,NA,NA,NA,NA,NA,NA,NA,NA,NA,NA,NA,NA,NA
"93-72-1",168,"SILVEX","TOTAL RECOVERABLE","UG/L","2,4,5 TRICHLOROPHENOXY PROPRIONIC ACID (2,4,5-TP)",50,NA,7467,7467,NA,NA,NA,NA,NA,NA,NA,NA,NA,NA,NA,NA,NA,NA,NA,NA,NA,NA,NA,NA,NA,NA,NA,NA,NA,NA,NA,NA,NA,NA,NA,NA,NA,NA,NA,NA,NA,NA,NA,NA,NA,NA,NA,NA,NA,NA,NA,NA,NA
"122-34-9",169,"SIMAZINE",NA,"UG/L",NA,4,NA,4667,4667,NA,NA,NA,NA,NA,NA,NA,NA,NA,NA,NA,NA,NA,NA,NA,NA,NA,NA,NA,NA,NA,NA,NA,NA,NA,NA,NA,NA,NA,NA,NA,NA,NA,NA,NA,NA,NA,NA,NA,NA,NA,NA,NA,NA,NA,NA,NA,NA,NA
"100-42-5",170,"STYRENE",NA,"UG/L",NA,100,NA,186667,186667,5600,370,5600,370,5600,370,NA,NA,NA,NA,NA,NA,NA,NA,NA,NA,NA,NA,NA,NA,NA,NA,NA,NA,NA,NA,NA,NA,NA,NA,NA,NA,NA,NA,NA,NA,NA,NA,NA,NA,NA,NA,NA,NA,NA,NA,NA,NA,NA
"17164666",171,"SUSPENDED SEDIMENT CONCENTRATION (SSC)","SUSPENDED","MG/L",NA,NA,NA,NA,NA,NA,25,NA,80,NA,NA,NA,NA,NA,NA,NA,NA,NA,NA,NA,NA,NA,NA,NA,NA,NA,NA,NA,NA,NA,NA,NA,NA,NA,NA,NA,NA,NA,NA,NA,NA,NA,NA,NA,NA,NA,NA,NA,NA,NA,NA,NA,NA,NA
"127-18-4",172,"TETRACHLOROETHYLENE",NA,"UG/L",NA,5,261,9333,9333,2600,280,6500,680,6500,680,15000,NA,NA,NA,NA,NA,NA,NA,NA,NA,NA,NA,NA,NA,NA,NA,NA,NA,NA,NA,NA,NA,NA,NA,NA,NA,NA,NA,NA,NA,NA,NA,NA,NA,NA,NA,NA,NA,NA,NA,NA,NA,NA
"7440-28-0",173,"THALLIUM","DISSOLVED","UG/L",NA,NA,NA,NA,NA,700,150,700,150,700,150,NA,NA,NA,NA,NA,NA,NA,NA,NA,NA,NA,NA,NA,NA,NA,NA,NA,NA,NA,NA,NA,NA,NA,NA,NA,NA,NA,NA,NA,NA,NA,NA,NA,NA,NA,NA,NA,NA,NA,NA,NA,NA,NA
"7440-28-0",174,"THALLIUM","TOTAL RECOVERABLE","UG/L",NA,2,1,75,75,NA,NA,NA,NA,NA,NA,NA,NA,NA,NA,NA,NA,NA,NA,NA,NA,NA,NA,NA,NA,NA,NA,NA,NA,NA,NA,NA,NA,NA,NA,NA,NA,NA,NA,NA,NA,NA,NA,NA,NA,NA,NA,NA,NA,NA,NA,NA,NA,NA
"108-88-3",175,"TOLUENE",NA,"UG/L",NA,1000,201000,280000,280000,8700,180,8700,180,8700,180,NA,NA,NA,NA,NA,NA,NA,NA,NA,NA,NA,NA,NA,NA,NA,NA,NA,NA,NA,NA,NA,NA,NA,NA,NA,NA,NA,NA,NA,NA,NA,NA,NA,NA,NA,NA,NA,NA,NA,NA,NA,NA,NA
"8001-35-2",176,"TOXAPHENE",NA,"UG/L",NA,3,0.0003,1.3,933,0.7,0.0002,0.7,0.0002,0.7,0.0002,11,0.005,0.005,NA,NA,NA,NA,NA,NA,NA,NA,NA,NA,NA,NA,NA,NA,NA,NA,NA,NA,NA,NA,NA,NA,NA,NA,NA,NA,NA,NA,NA,NA,NA,NA,NA,NA,NA,NA,NA,NA,NA,NA
NA,177,"TRANS-1,2-DICHLOROETHYLENE",NA,"UG/L",NA,100,10127,18667,18667,68000,3900,68000,3900,68000,3900,NA,NA,NA,NA,NA,NA,NA,NA,NA,NA,NA,NA,NA,NA,NA,NA,NA,NA,NA,NA,NA,NA,NA,NA,NA,NA,NA,NA,NA,NA,NA,NA,NA,NA,NA,NA,NA,NA,NA,NA,NA,NA,NA
"10061-02-6",178,"TRANS-1,3-DICHLOROPROPENE",NA,"UG/L",NA,0.7,42,420,28000,3000,1100,3000,1100,3000,1100,NA,NA,NA,NA,NA,NA,NA,NA,NA,NA,NA,NA,NA,NA,NA,NA,NA,NA,NA,NA,NA,NA,NA,NA,NA,NA,NA,NA,NA,NA,NA,NA,NA,NA,NA,NA,NA,NA,NA,NA,NA,NA,NA
"75-25-2",179,"TRIBROMOMETHANE","TOTAL RECOVERABLE","UG/L","BROMOFORM",NA,133,180,18667,15000,10000,15000,10000,15000,10000,NA,NA,NA,NA,NA,NA,NA,NA,NA,NA,NA,NA,NA,NA,NA,NA,NA,NA,NA,NA,NA,NA,NA,NA,NA,NA,NA,NA,NA,NA,NA,NA,NA,NA,NA,NA,NA,NA,NA,NA,NA,NA,NA
NA,180,"TRIBUTYLTIN",NA,"UG/L",NA,NA,NA,NA,NA,0.5,0.07,0.5,0.07,0.5,0.07,NA,NA,NA,NA,NA,NA,NA,NA,NA,NA,NA,NA,NA,NA,NA,NA,NA,NA,NA,NA,NA,NA,NA,NA,NA,NA,NA,NA,NA,NA,NA,NA,NA,NA,NA,NA,NA,NA,NA,NA,NA,NA,NA
"79-01-6",181,"TRICHLOROETHYLENE",NA,"UG/L",NA,5,29,280000,280,20000,1300,20000,1300,20000,1300,NA,NA,NA,NA,NA,NA,NA,NA,NA,NA,NA,NA,NA,NA,NA,NA,NA,NA,NA,NA,NA,NA,NA,NA,NA,NA,NA,NA,NA,NA,NA,NA,NA,NA,NA,NA,NA,NA,NA,NA,NA,NA,NA
NA,182,"TRIHALOMETHANES","TOTAL RECOVERABLE","UG/L",NA,80,NA,NA,NA,NA,NA,NA,NA,NA,NA,NA,NA,NA,NA,NA,NA,NA,NA,NA,NA,NA,NA,NA,NA,NA,NA,NA,NA,NA,NA,NA,NA,NA,NA,NA,NA,NA,NA,NA,NA,NA,NA,NA,NA,NA,NA,NA,NA,NA,NA,NA,NA,NA
"7440-61-1",183,"URANIUM","DISSOLVED","UG/L",NA,30,NA,NA,NA,NA,NA,NA,NA,NA,NA,NA,NA,NA,NA,NA,NA,NA,NA,NA,NA,NA,NA,NA,NA,NA,NA,NA,NA,NA,NA,NA,NA,NA,NA,NA,NA,NA,NA,NA,NA,NA,NA,NA,NA,NA,NA,NA,NA,NA,NA,NA,NA,NA
"7440-61-1",184,"URANIUM",NA,"UG/L",NA,NA,NA,2800,2800,NA,NA,NA,NA,NA,NA,NA,NA,NA,NA,NA,NA,NA,NA,NA,NA,NA,NA,NA,NA,NA,NA,NA,NA,NA,NA,NA,NA,NA,NA,NA,NA,NA,NA,NA,NA,NA,NA,NA,NA,NA,NA,NA,NA,NA,NA,NA,NA,NA
"75-01-4",187,"VINYL CHLORIDE",NA,"UG/L",NA,2,5,2,2800,NA,NA,NA,NA,NA,NA,NA,NA,NA,NA,NA,NA,NA,NA,NA,NA,NA,NA,NA,NA,NA,NA,NA,NA,NA,NA,NA,NA,NA,NA,NA,NA,NA,NA,NA,NA,NA,NA,NA,NA,NA,NA,NA,NA,NA,NA,NA,NA,NA
"1330-20-7",188,"XYLENE","TOTAL RECOVERABLE","UG/L","XYLENES (T)",10000,NA,186667,186667,NA,NA,NA,NA,NA,NA,NA,NA,NA,NA,NA,NA,NA,NA,NA,NA,NA,NA,NA,NA,NA,NA,NA,NA,NA,NA,NA,NA,NA,NA,NA,NA,NA,NA,NA,NA,NA,NA,NA,NA,NA,NA,NA,NA,NA,NA,NA,NA,NA
"7440-66-6",189,"ZINC","DISSOLVED","UG/L",NA,NA,NA,NA,NA,NA,NA,NA,NA,NA,NA,NA,NA,NA,NA,NA,NA,NA,NA,NA,NA,NA,NA,NA,NA,NA,NA,NA,NA,0.978,0.884,0,0.8473,0.978,3.1342,0,0.8473,NA,NA,NA,NA,0.978,0.884,0,0.8473,NA,NA,NA,NA,0.978,0.884,0,0.8473,NA
"7440-66-6",190,"ZINC","TOTAL RECOVERABLE","UG/L",NA,2100,5106,280000,280000,NA,NA,NA,NA,NA,NA,NA,10000,25000,NA,NA,NA,NA,NA,NA,NA,NA,NA,NA,NA,NA,NA,NA,NA,NA,NA,NA,NA,NA,NA,NA,NA,NA,NA,NA,NA,NA,NA,NA,NA,NA,NA,NA,NA,NA,NA,NA,NA,NA
